-- MySQL dump 10.13  Distrib 8.0.19, for Win64 (x86_64)
--
-- Host: localhost    Database: kocruit
-- ------------------------------------------------------
-- Server version	8.0.43

/*!40101 SET @OLD_CHARACTER_SET_CLIENT=@@CHARACTER_SET_CLIENT */;
/*!40101 SET @OLD_CHARACTER_SET_RESULTS=@@CHARACTER_SET_RESULTS */;
/*!40101 SET @OLD_COLLATION_CONNECTION=@@COLLATION_CONNECTION */;
/*!50503 SET NAMES utf8mb4 */;
/*!40103 SET @OLD_TIME_ZONE=@@TIME_ZONE */;
/*!40103 SET TIME_ZONE='+00:00' */;
/*!40014 SET @OLD_UNIQUE_CHECKS=@@UNIQUE_CHECKS, UNIQUE_CHECKS=0 */;
/*!40014 SET @OLD_FOREIGN_KEY_CHECKS=@@FOREIGN_KEY_CHECKS, FOREIGN_KEY_CHECKS=0 */;
/*!40101 SET @OLD_SQL_MODE=@@SQL_MODE, SQL_MODE='NO_AUTO_VALUE_ON_ZERO' */;
/*!40111 SET @OLD_SQL_NOTES=@@SQL_NOTES, SQL_NOTES=0 */;

--
-- Table structure for table `job`
--

DROP TABLE IF EXISTS `job`;
/*!40101 SET @saved_cs_client     = @@character_set_client */;
/*!50503 SET character_set_client = utf8mb4 */;
CREATE TABLE `job` (
  `id` int NOT NULL AUTO_INCREMENT,
  `title` varchar(200) NOT NULL,
  `company` varchar(100) DEFAULT NULL,
  `description` text,
  `start_date` datetime DEFAULT NULL,
  `end_date` datetime DEFAULT NULL,
  `user_id` int DEFAULT NULL,
  `created_at` datetime DEFAULT NULL,
  `updated_at` datetime DEFAULT NULL,
  PRIMARY KEY (`id`),
  KEY `user_id` (`user_id`),
  KEY `ix_job_id` (`id`),
  CONSTRAINT `job_ibfk_1` FOREIGN KEY (`user_id`) REFERENCES `users` (`id`)
) ENGINE=InnoDB DEFAULT CHARSET=utf8mb4 COLLATE=utf8mb4_0900_ai_ci;
/*!40101 SET character_set_client = @saved_cs_client */;

--
-- Dumping data for table `job`
--

LOCK TABLES `job` WRITE;
/*!40000 ALTER TABLE `job` DISABLE KEYS */;
/*!40000 ALTER TABLE `job` ENABLE KEYS */;
UNLOCK TABLES;

--
-- Table structure for table `jobpost`
--

DROP TABLE IF EXISTS `jobpost`;
/*!40101 SET @saved_cs_client     = @@character_set_client */;
/*!50503 SET character_set_client = utf8mb4 */;
CREATE TABLE `jobpost` (
  `id` int NOT NULL AUTO_INCREMENT,
  `company_id` int DEFAULT NULL,
  `department_id` int DEFAULT NULL,
  `user_id` int DEFAULT NULL,
  `title` varchar(200) NOT NULL,
  `department` varchar(100) DEFAULT NULL,
  `qualifications` text,
  `conditions` text,
  `job_details` text,
  `procedures` text,
  `headcount` int DEFAULT NULL,
  `start_date` varchar(50) DEFAULT NULL,
  `end_date` varchar(50) DEFAULT NULL,
  `location` varchar(255) DEFAULT NULL,
  `employment_type` varchar(50) DEFAULT NULL,
  `deadline` varchar(50) DEFAULT NULL,
  `team_members` text,
  `weights` text,
  `status` varchar(20) DEFAULT 'ACTIVE',
  `created_at` timestamp NULL DEFAULT CURRENT_TIMESTAMP,
  `updated_at` timestamp NULL DEFAULT CURRENT_TIMESTAMP ON UPDATE CURRENT_TIMESTAMP,
  `schedules` text,
  `interview_report_done` tinyint(1) DEFAULT '0' COMMENT '면접 보고서 완료 여부',
  `final_report_done` tinyint(1) DEFAULT '0' COMMENT '최종 보고서 완료 여부',
  `progress_status` varchar(50) DEFAULT 'DRAFT',
  PRIMARY KEY (`id`),
  KEY `department_id` (`department_id`),
  KEY `user_id` (`user_id`),
  KEY `idx_jobpost_company_status` (`company_id`,`status`),
  CONSTRAINT `jobpost_ibfk_1` FOREIGN KEY (`company_id`) REFERENCES `company` (`id`),
  CONSTRAINT `jobpost_ibfk_2` FOREIGN KEY (`department_id`) REFERENCES `department` (`id`),
  CONSTRAINT `jobpost_ibfk_3` FOREIGN KEY (`user_id`) REFERENCES `users` (`id`)
) ENGINE=InnoDB AUTO_INCREMENT=133 DEFAULT CHARSET=utf8mb4 COLLATE=utf8mb4_0900_ai_ci;
/*!40101 SET character_set_client = @saved_cs_client */;

--
-- Dumping data for table `jobpost`
--

LOCK TABLES `jobpost` WRITE;
/*!40000 ALTER TABLE `jobpost` DISABLE KEYS */;
INSERT INTO `jobpost` VALUES (1,1,1,NULL,'총무/인사 담당자 신입 채용',NULL,'[필수]\n- 전공 무관\n- 신입/경력 무관\n[우대]\n- 인사/총무 인턴 경험자','- 정규직, 충북 청주\n- 주 5일, 4대보험, 중식 제공','- 사내 인사/총무 행정 지원\n- 복리후생 및 사내 행사 관리\n- 비품 및 자산 관리','서류 → 실무 → 임원 → 합격',2,'2025-07-01 00:00:00','2025-07-31 23:59:59',NULL,NULL,NULL,NULL,NULL,'SELECTING','2025-06-24 08:00:00','2025-08-01 00:23:14',NULL,0,0,'DRAFT'),(2,1,NULL,NULL,'B2B 영업 담당자 모집',NULL,'[필수]\n- 영업 경험 우대\n- 운전면허 소지자','- 정규직, 성과급 별도\n- 주 5일, 차량 지원','- 법인/기업 고객 대상 제품 영업\n- 거래처 관리 및 신규 발굴','서류 → 면접 → 합격',2,'2025-07-05 00:00:00','2025-08-01 23:59:59',NULL,NULL,NULL,NULL,NULL,'SELECTING','2025-06-24 08:10:00','2025-08-05 07:46:46',NULL,0,0,'DRAFT'),(3,1,NULL,NULL,'구매/자재 담당자 채용',NULL,'[필수]\n- 자재/구매 경력 1년 이상 우대\n[우대]\n- ERP 사용 가능자','- 정규직, 탄력근무\n- 중식 제공, 자격증 지원','- 자재 발주 및 입고관리\n- 공급사 협상 및 단가 관리\n- 재고/물류 연동 관리','서류 → 실무 → 임원 → 합격',1,'2025-07-10 00:00:00','2025-08-10 23:59:59',NULL,NULL,NULL,NULL,NULL,'RECRUITING','2025-06-24 08:20:00','2025-07-19 04:18:09',NULL,0,0,'DRAFT'),(4,1,NULL,NULL,'경영기획 신입/경력 채용',NULL,'[필수]\n- 경영/경제/통계 전공 우대\n- 기획 업무 관심자','- 정규직, 주 5일, 복지 다양','- 사업계획 수립 및 실적 관리\n- 경영지표 분석\n- 각종 대내외 보고서 작성','서류 → 실무 → 임원 → 합격',1,'2025-07-15 00:00:00','2025-08-15 23:59:59',NULL,NULL,NULL,NULL,NULL,'RECRUITING','2025-06-24 08:30:00','2025-07-19 04:18:09',NULL,0,0,'DRAFT'),(5,1,NULL,NULL,'고객지원(AS/CS) 담당자',NULL,'[필수]\n- 커뮤니케이션 능력 우수자','- 정규직, 교대 근무 가능\n- 명절 선물, 휴게 공간 제공','- 고객 문의 및 불만 접수/해결\n- 제품 사용 안내 및 사후 관리','서류 → 면접 → 합격',2,'2025-07-20 00:00:00','2025-08-20 23:59:59',NULL,NULL,NULL,NULL,NULL,'RECRUITING','2025-06-24 08:40:00','2025-07-20 02:48:39',NULL,0,0,'DRAFT'),(6,2,NULL,NULL,'상품기획(MD) 신입/경력 채용',NULL,'[필수]\n- 소비재/MD 관련 경험 우대\n- 신입/경력 무관','- 정규직, 울산 삼산로 17\n- 주 5일, 사내카페 운영','- 신상품 기획 및 트렌드 분석\n- 시즌별 상품 기획안 작성\n- 협력사 미팅 및 발주','서류 → 실무 → 임원 → 합격',2,'2025-07-01 00:00:00','2025-07-31 23:59:59',NULL,NULL,NULL,NULL,NULL,'SELECTING','2025-06-24 09:00:00','2025-08-01 00:23:14',NULL,0,0,'DRAFT'),(7,2,NULL,NULL,'유통관리/물류 신입채용',NULL,'[필수]\n- 물류/유통 경력 우대\n[우대]\n- 운전면허 소지자','- 정규직, 성과급 지급\n- 중식 제공, 근무복 지급','- 재고/입출고 관리\n- 전국 유통망 운영 지원','서류 → 면접 → 합격',3,'2025-07-05 00:00:00','2025-07-20 23:59:59',NULL,NULL,NULL,NULL,NULL,'CLOSED','2025-06-24 09:10:00','2025-07-22 00:37:43',NULL,0,0,'DRAFT'),(8,2,NULL,NULL,'패키지 디자이너 모집',NULL,'[필수]\n- 포토샵/일러스트 활용 능력','- 정규직, 유연근무제\n- 자기계발 지원','- 제품 패키지 디자인 개발\n- 신상품 런칭 디자인 협업','서류 → 실무 → 임원 → 합격',1,'2025-07-10 00:00:00','2025-08-10 23:59:59',NULL,NULL,NULL,NULL,NULL,'RECRUITING','2025-06-24 09:20:00','2025-07-19 04:18:10',NULL,0,0,'DRAFT'),(9,2,NULL,NULL,'마케팅/브랜드매니저 채용',NULL,'[필수]\n- SNS/온라인 마케팅 경험자\n[우대]\n- 브랜드 전략 기획 경험','- 정규직, 주 5일\n- 사내 동호회 지원, 중식 제공','- 온라인 마케팅, 브랜드 홍보\n- SNS 컨텐츠 기획 및 실행','서류 → 실무 → 임원 → 합격',2,'2025-07-15 00:00:00','2025-08-15 23:59:59',NULL,NULL,NULL,NULL,NULL,'RECRUITING','2025-06-24 09:30:00','2025-07-19 04:18:11',NULL,0,0,'DRAFT'),(10,2,NULL,NULL,'품질관리(QC) 신입/경력 채용',NULL,'[필수]\n- 품질관리 경력 1년 이상 우대','- 정규직, 탄력근무\n- 중식, 자기계발비 지원','- 생산 제품 품질 검사\n- 불량 분석 및 개선안 제시','서류 → 실무 → 임원 → 합격',1,'2025-07-20 00:00:00','2025-08-20 23:59:59',NULL,NULL,NULL,NULL,NULL,'RECRUITING','2025-06-24 09:40:00','2025-07-20 02:48:39',NULL,0,0,'DRAFT'),(11,3,NULL,NULL,'회로설계 엔지니어 신입/경력 채용',NULL,'[필수]\n- 전자/전기공학 전공자\n- 회로설계 경험\n[우대]\n- PCB 설계툴 활용 경험','- 정규직, 주 5일\n- 제주 첨단로 55 본사\n- 복리후생: 4대보험, 중식 제공','- 아날로그/디지털 회로 설계 및 시뮬레이션\n- PCB 아트웍 및 시제품 제작\n- 제품 양산 프로세스 협업\n- 부품 BOM 및 원가 관리','서류 → 실무 → 임원 → 합격',2,'2025-07-01 00:00:00','2025-07-31 23:59:59',NULL,NULL,NULL,NULL,NULL,'SELECTING','2025-06-24 09:00:00','2025-08-01 00:23:14',NULL,0,0,'DRAFT'),(12,3,NULL,NULL,'펌웨어 개발자 채용',NULL,'[필수]\n- 임베디드 C/C++ 가능자\n- MCU 개발 경험','- 정규직, 주 5일, 복리후생 다양','- 임베디드 시스템 펌웨어 설계\n- RTOS 환경 개발 및 디버깅\n- 센서·무선 통신 모듈 연동','서류 → 실무테스트 → 면접 → 합격',1,'2025-07-05 00:00:00','2025-08-05 23:59:59',NULL,NULL,NULL,NULL,NULL,'SELECTING','2025-06-24 09:10:00','2025-08-06 00:26:46',NULL,0,0,'DRAFT'),(13,3,NULL,NULL,'품질관리(QA) 담당자 채용',NULL,'[필수]\n- QA/품질관리 경험자(신입 가능)\n[우대]\n- 전자제품 테스트 경험','- 정규직, 탄력근무\n- 중식, 자격증 지원','- 완제품 품질검사, 신뢰성 평가\n- 불량분석 및 개선\n- 품질문서 및 인증관리','서류 → 실무 → 임원 → 합격',1,'2025-07-10 00:00:00','2025-08-10 23:59:59',NULL,NULL,NULL,NULL,NULL,'RECRUITING','2025-06-24 09:20:00','2025-07-19 04:18:12',NULL,0,0,'DRAFT'),(14,3,NULL,NULL,'신제품 연구개발 엔지니어 채용',NULL,'[필수]\n- 전자/소프트웨어 전공자\n- R&D 경험 또는 열정','- 정규직, 연구수당 별도','- 신제품 회로·구조 설계\n- 신기술 트렌드 리서치 및 테스트\n- 특허/논문자료 작성 협업','서류 → 실무 → 임원 → 합격',2,'2025-07-12 00:00:00','2025-08-12 23:59:59',NULL,NULL,NULL,NULL,NULL,'RECRUITING','2025-06-24 09:30:00','2025-07-19 04:18:13',NULL,0,0,'DRAFT'),(15,3,NULL,NULL,'전자제품 생산기술 담당자 모집',NULL,'[필수]\n- 전자/기계공학 전공자\n- 생산라인 경험 우대','- 정규직, 3교대/주간선택','- 생산설비 운영, 공정개선\n- 생산공정 자동화, 불량분석\n- 현장 안전관리','서류 → 실무 → 임원 → 합격',3,'2025-07-15 00:00:00','2025-08-15 23:59:59',NULL,NULL,NULL,NULL,NULL,'RECRUITING','2025-06-24 09:40:00','2025-07-19 04:18:13',NULL,0,0,'DRAFT'),(16,4,NULL,NULL,'공공정책 연구원 채용',NULL,'[필수]\n- 정책학/행정학 전공 또는 관련 경험자','- 정규직, 대전 유성구 대학로 99\n- 복리후생: 4대보험, 연구수당','- 정책 연구 및 보고서 작성\n- 공공기관 연구과제 참여\n- 관련 통계 분석 및 자료조사','서류 → 면접 → 합격',2,'2025-07-01 00:00:00','2025-07-31 23:59:59',NULL,NULL,NULL,NULL,NULL,'SELECTING','2025-06-24 10:00:00','2025-08-01 00:23:14',NULL,0,0,'DRAFT'),(17,4,17,NULL,'공공기관 IT사업 PM/PL 모집','공공IT사업팀','[필수]\n- 정보처리기사 또는 PM 경력\n[우대]\n- SI/SM 프로젝트 경험\n[필수기술] Java, Spring, Linux','- 정규직, 주 5일, 서울','공공기관 정보시스템 구축 프로젝트의 PM/PL 역할 수행.\n개발자와 협업하며 기술 중심으로 프로젝트 리딩함.\nJava, Spring 기반 웹 시스템 구조 이해를 바탕으로 요구사항 정의, 설계 검토, 개발 진척 관리 수행함.\nLinux 기반 서버 환경과 시스템 구성에 대한 이해를 바탕으로 인프라 요구사항 정의 및 운영 환경 구성 지원함.\n공공 SI 프로젝트 경험을 바탕으로 RFP 분석, 요구사항 도출, 기능 명세 작성 등 선행 업무 주도함.\n요구사항정의서, 설계서, 시험계획서 등 주요 산출물 작성 및 조달 대응 문서 관리함.\n개발팀, QA, 인프라팀, 외주 파트너 등과 협업하며 기술 커뮤니케이션 및 일정 조율함.\n전자정부프레임워크, 공공 표준 가이드 및 보안 가이드라인 준수함.','서류 → 실무 → 임원 → 합격',3,'2025-07-05 00:00','2025-08-05 23:59','서울시 송파구','정규직',NULL,'[{\"email\": \"hong5123@example.com\", \"role\": \"\\uad00\\ub9ac\\uc790\"}, {\"email\": \"hong5097@example.com\", \"role\": \"\\uba64\\ubc84\"}, {\"email\": \"hong5032@example.com\", \"role\": \"\\uba64\\ubc84\"}]',NULL,'SELECTING','2025-06-24 10:10:00','2025-08-06 00:26:46',NULL,1,1,'DRAFT'),(18,4,NULL,NULL,'행정사무 담당자 모집',NULL,'[필수]\n- 행정/총무 경험자\n- 엑셀/워드 가능','- 정규직, 대전 유성구\n- 주 5일, 복지 다양','- 공공사업 문서관리\n- 예산·회계 업무 지원\n- 행정업무 전반','서류 → 면접 → 합격',2,'2025-07-10 00:00:00','2025-08-10 23:59:59',NULL,NULL,NULL,NULL,NULL,'RECRUITING','2025-06-24 10:20:00','2025-07-19 04:18:14',NULL,0,0,'DRAFT'),(19,4,NULL,NULL,'공공 정보보안 담당자 채용',NULL,'[필수]\n- 정보보호/보안 실무 경험자\n[우대]\n- 공공기관 ISMS-P 경험','- 정규직, 주 5일, 대전','- 정보보호 정책 수립\n- 침해사고 대응 및 시스템 점검\n- 보안감사/인증 대응','서류 → 실무 → 임원 → 합격',1,'2025-07-15 00:00:00','2025-08-15 23:59:59',NULL,NULL,NULL,NULL,NULL,'RECRUITING','2025-06-24 10:30:00','2025-07-19 04:18:14',NULL,0,0,'DRAFT'),(20,4,NULL,NULL,'공공데이터 분석가 채용',NULL,'[필수]\n- 데이터 분석/통계 경험\n- Python/R 활용 가능','- 정규직, 연구수당 별도','- 공공데이터 수집·분석\n- 데이터 기반 정책 리포트 작성\n- 오픈데이터 활용 연구','서류 → 실무 → 임원 → 합격',2,'2025-07-20 00:00:00','2025-08-20 23:59:59',NULL,NULL,NULL,NULL,NULL,'RECRUITING','2025-06-24 10:40:00','2025-07-20 02:48:39',NULL,0,0,'DRAFT'),(21,5,NULL,NULL,'신재생에너지 엔지니어 신입/경력 채용',NULL,'[필수]\n- 에너지/전기공학 전공자\n- 신재생(태양광/풍력) 실습 경험 우대','- 정규직, 경기 수원 광교\n- 주 5일, 연구수당, 중식 제공','- 신재생 발전소 설계/시공\n- 발전 효율 분석 및 데이터 수집\n- 현장 관리 및 시운전','서류 → 실무 → 임원 → 합격',2,'2025-07-01 00:00:00','2025-07-31 23:59:59',NULL,NULL,NULL,NULL,NULL,'SELECTING','2025-06-24 11:00:00','2025-08-01 00:23:14',NULL,0,0,'DRAFT'),(22,5,NULL,NULL,'에너지 사업기획/전략 담당자',NULL,'[필수]\n- 전공 무관, 에너지 산업 관심자','- 정규직, 수원 본사, 연구수당','- 에너지 시장/정책 동향 조사\n- 신사업 기획 및 제안서 작성\n- 사업타당성 분석','서류 → 실무 → 임원 → 합격',1,'2025-07-05 00:00:00','2025-08-05 23:59:59',NULL,NULL,NULL,NULL,NULL,'SELECTING','2025-06-24 11:10:00','2025-08-06 00:26:46',NULL,0,0,'DRAFT'),(23,5,NULL,NULL,'전력IT 시스템 개발자 채용',NULL,'[필수]\n- 컴퓨터/IT 전공자\n- Python/Java 가능자','- 정규직, 본사 근무\n- 4대보험, 자기계발비 지원','- 전력 데이터 관리 시스템 개발\n- EMS/스마트그리드 구축\n- IT 인프라 유지보수','서류 → 코딩테스트 → 면접 → 합격',1,'2025-07-10 00:00:00','2025-08-10 23:59:59',NULL,NULL,NULL,NULL,NULL,'RECRUITING','2025-06-24 11:20:00','2025-07-19 04:18:16',NULL,0,0,'DRAFT'),(24,5,NULL,NULL,'발전설비 유지보수 담당자',NULL,'[필수]\n- 설비/전기/기계 경력 우대','- 정규직, 교대근무\n- 중식, 교통비 지원','- 발전설비 점검/정비/보수\n- 설비 고장 진단 및 개선','서류 → 실무 → 임원 → 합격',2,'2025-07-15 00:00:00','2025-08-15 23:59:59',NULL,NULL,NULL,NULL,NULL,'RECRUITING','2025-06-24 11:30:00','2025-07-19 04:18:16',NULL,0,0,'DRAFT'),(25,5,NULL,NULL,'안전관리자(에너지설비) 채용',NULL,'[필수]\n- 산업안전기사, 경력 우대','- 정규직, 수원 본사\n- 특근수당, 자격수당','- 현장 안전교육/점검/관리\n- 안전사고 예방대책 수립','서류 → 면접 → 합격',1,'2025-07-20 00:00:00','2025-08-20 23:59:59',NULL,NULL,NULL,NULL,NULL,'RECRUITING','2025-06-24 11:40:00','2025-07-20 02:48:39',NULL,0,0,'DRAFT'),(26,6,NULL,NULL,'PB(프라이빗뱅커) 신입/경력 채용',NULL,'[필수]\n- 금융/경영 관련 전공자 우대\n- 신입 가능','- 정규직, 전주 본사\n- 성과급, 자기계발 지원','- 고객 투자 포트폴리오 설계\n- 자산 관리 및 리스크 분석\n- 자산운용 상품 제안','서류 → 실무 → 임원 → 합격',2,'2025-07-01 00:00:00','2025-07-31 23:59:59',NULL,NULL,NULL,NULL,NULL,'SELECTING','2025-06-24 12:00:00','2025-08-01 00:23:14',NULL,0,0,'DRAFT'),(27,6,NULL,NULL,'금융 IT 시스템 개발자 채용',NULL,'[필수]\n- 컴퓨터/소프트웨어 전공자\n- Java/Spring 가능자','- 정규직, 본사 근무\n- 주 5일, 복리후생 다양','- 금융권 IT서비스 개발 및 유지보수\n- 핀테크 API/보안 개발\n- 신규 시스템 기획 및 구현','서류 → 코딩테스트 → 면접 → 합격',1,'2025-07-05 00:00:00','2025-08-05 23:59:59',NULL,NULL,NULL,NULL,NULL,'SELECTING','2025-06-24 12:10:00','2025-08-06 00:26:46',NULL,0,0,'DRAFT'),(28,6,NULL,NULL,'기업금융/투자심사 담당자',NULL,'[필수]\n- 금융/투자 경력자 우대','- 정규직, 성과급 별도\n- 자기계발비, 중식 제공','- 기업금융 상품 기획/심사\n- 대출 심사 및 리스크 관리','서류 → 실무 → 임원 → 합격',1,'2025-07-10 00:00:00','2025-08-10 23:59:59',NULL,NULL,NULL,NULL,NULL,'RECRUITING','2025-06-24 12:20:00','2025-07-19 04:18:17',NULL,0,0,'DRAFT'),(29,6,NULL,NULL,'리스크 분석/관리자 신입채용',NULL,'[필수]\n- 계량/수리/통계 전공 우대','- 정규직, 주 5일\n- 연구수당, 자격증 지원','- 투자·대출 리스크 분석\n- 리스크 모델링 및 모니터링\n- 사내 리스크 관리체계 개선','서류 → 실무 → 임원 → 합격',2,'2025-07-15 00:00:00','2025-08-15 23:59:59',NULL,NULL,NULL,NULL,NULL,'RECRUITING','2025-06-24 12:30:00','2025-07-19 04:18:18',NULL,0,0,'DRAFT'),(30,6,NULL,NULL,'금융고객상담사 신입/경력 채용',NULL,'[필수]\n- 고객상담 경험 우대\n- 콜센터 근무 가능자','- 정규직, 교대근무\n- 복리후생 다양, 중식 제공','- 고객 금융상품 상담 및 응대\n- 금융 민원 처리 및 접수','서류 → 면접 → 합격',3,'2025-07-20 00:00:00','2025-08-20 23:59:59',NULL,NULL,NULL,NULL,NULL,'RECRUITING','2025-06-24 12:40:00','2025-07-20 02:48:39',NULL,0,0,'DRAFT'),(31,7,NULL,NULL,'바이오의약품 R&D 연구원 모집',NULL,'[필수]\n- 생명과학/화학/약학 전공자\n[우대]\n- 바이오의약품 개발 경험','- 정규직, 판교 본사\n- 연구수당, 중식 제공','- 신약 후보물질 탐색 및 실험\n- 세포/동물 실험, 데이터 분석\n- 특허/논문 자료조사 및 보고서 작성','서류 → 실무 → 임원 → 합격',2,'2025-07-01 00:00:00','2025-07-31 23:59:59',NULL,NULL,NULL,NULL,NULL,'SELECTING','2025-06-24 13:00:00','2025-08-01 00:23:14',NULL,0,0,'DRAFT'),(32,7,NULL,NULL,'품질보증(QA) 신입/경력 채용',NULL,'[필수]\n- QC/QA 경험자 우대','- 정규직, 주 5일\n- 복리후생: 4대보험, 자기계발비','- GMP 문서관리, 공정 모니터링\n- 제품 출하 품질검사\n- 품질 감사 및 인증대응','서류 → 실무 → 임원 → 합격',1,'2025-07-05 00:00:00','2025-08-05 23:59:59',NULL,NULL,NULL,NULL,NULL,'SELECTING','2025-06-24 13:10:00','2025-08-06 00:26:46',NULL,0,0,'DRAFT'),(33,7,33,NULL,'바이오 생산관리 담당자',NULL,'[필수]\n- 생산관리/공정 경험자 우대','- 정규직, 판교 공장\n- 중식, 교통비 지원','- 생산계획 및 실적관리\n- 생산공정 개선 및 설비관리','서류 → 실무 → 임원 → 합격',2,'2025-07-10 00:00:00','2025-08-10 23:59:59',NULL,NULL,NULL,NULL,NULL,'RECRUITING','2025-06-24 13:20:00','2025-07-19 04:18:19',NULL,0,0,'DRAFT'),(34,7,NULL,NULL,'임상시험 CRA 채용',NULL,'[필수]\n- 임상시험 모니터링 경험자 우대','- 정규직, 탄력근무\n- 연구수당, 자기계발비 지원','- 임상시험 모니터링 및 관리\n- 임상 관련 문서작성 및 점검','서류 → 면접 → 합격',1,'2025-07-15 00:00:00','2025-08-15 23:59:59',NULL,NULL,NULL,NULL,NULL,'RECRUITING','2025-06-24 13:30:00','2025-07-19 04:18:19',NULL,0,0,'DRAFT'),(35,7,NULL,NULL,'바이오사업 기획/BD 담당자',NULL,'[필수]\n- 영어/일어 등 외국어 능통자 우대','- 정규직, 주 5일, 판교 본사','- 바이오 신사업 발굴, 해외 파트너십\n- 사업제안서/자료 작성','서류 → 실무 → 임원 → 합격',1,'2025-07-20 00:00:00','2025-08-20 23:59:59',NULL,NULL,NULL,NULL,NULL,'RECRUITING','2025-06-24 13:40:00','2025-07-20 02:48:39',NULL,0,0,'DRAFT'),(36,8,NULL,NULL,'건축설계 신입/경력 채용',NULL,'[필수]\n- 건축학 전공자\n[우대]\n- CAD/스케치업 활용 가능자','- 정규직, 대구 수성구 동대구로\n- 중식 제공, 자기계발 지원','- 건축 도면작성 및 설계\n- 설계 검토 및 인허가 자료 준비','서류 → 실무 → 임원 → 합격',2,'2025-07-01 00:00:00','2025-07-31 23:59:59',NULL,NULL,NULL,NULL,NULL,'SELECTING','2025-06-24 14:00:00','2025-08-01 00:23:14',NULL,0,0,'DRAFT'),(37,8,NULL,NULL,'토목시공/현장관리 담당자',NULL,'[필수]\n- 토목공학 전공 또는 경력자','- 정규직, 현장 수당 별도','- 토목공사 현장관리 및 시공\n- 자재관리, 준공관리','서류 → 면접 → 합격',3,'2025-07-05 00:00:00','2025-08-05 23:59:59',NULL,NULL,NULL,NULL,NULL,'SELECTING','2025-06-24 14:10:00','2025-08-06 00:26:46',NULL,0,0,'DRAFT'),(38,8,NULL,NULL,'건설안전관리자 신입/경력 채용',NULL,'[필수]\n- 산업안전/건설안전 자격증 보유','- 정규직, 특근수당\n- 자기계발비 지원','- 건설현장 안전점검/교육\n- 안전관리계획 수립 및 이행','서류 → 실무 → 임원 → 합격',1,'2025-07-10 00:00:00','2025-08-10 23:59:59','',NULL,NULL,NULL,NULL,'RECRUITING','2025-06-24 14:20:00','2025-07-19 04:18:21',NULL,0,0,'DRAFT'),(39,8,NULL,NULL,'건설견적/원가관리 담당자',NULL,'[필수]\n- 건설견적/원가 업무 경험자','- 정규직, 주 5일\n- 명절 선물, 교통비 지원','- 견적서/내역서 작성\n- 원가분석 및 협력업체 관리','서류 → 실무 → 임원 → 합격',2,'2025-07-15 00:00:00','2025-08-15 23:59:59','',NULL,NULL,NULL,NULL,'RECRUITING','2025-06-24 14:30:00','2025-07-19 04:18:21',NULL,0,0,'DRAFT'),(40,8,NULL,NULL,'건설기계/설비 엔지니어 모집',NULL,'[필수]\n- 기계공학 전공, 관련 자격증 우대','- 정규직, 대구 본사\n- 연차, 특근수당, 중식 제공','- 건설기계 장비관리\n- 설비 유지보수 및 정비','서류 → 면접 → 합격',1,'2025-07-20 00:00:00','2025-08-20 23:59:59','',NULL,NULL,NULL,NULL,'RECRUITING','2025-06-24 14:40:00','2025-07-20 02:48:39',NULL,0,0,'DRAFT'),(41,9,NULL,NULL,'정보보안/네트워크 관제 신입·경력 채용',NULL,'[필수]\n- 정보보호/컴퓨터공학 전공 또는 관련 실무 경험\n- 신입/경력(3년 이하)\n- 보안관제 3교대 근무 가능\n[우대]\n- 보안관제 경험자, 관련 자격증 소지자','- 정규직, 수습 3개월\n- 대구광역시 수성구 동대구로 23(본사)\n- 주 5일 또는 3교대\n- 복리후생: 4대보험, 중식 제공, 자기계발비 지원','- 침해사고 대응 및 모니터링\n- 보안 이벤트 분석\n- 관제 보고서 작성','서류전형 → 실무면접 → 임원면접 → 최종합격',3,'2025-07-01 00:00:00','2025-07-31 23:59:59',NULL,NULL,NULL,NULL,NULL,'SELECTING','2025-06-24 16:00:00','2025-08-01 00:23:14',NULL,0,0,'DRAFT'),(42,9,NULL,NULL,'보안컨설팅/모의해킹 신입·경력 채용',NULL,'[필수]\n- 정보보호/IT 관련 전공 또는 실무 경험\n- 신입 및 경력(5년 이하)\n[우대]\n- OSCP, CISSP 등 자격증\n- 컨설팅 경험','- 정규직, 본사 근무\n- 주 5일, 교육비 지원, 복리후생 다양','- 모의해킹, 취약점 진단, 보고서 작성\n- 고객사 보안컨설팅','서류전형 → PT면접 → 임원면접 → 최종합격',2,'2025-07-05 00:00:00','2025-07-30 23:59:59',NULL,NULL,NULL,NULL,NULL,'SELECTING','2025-06-24 16:01:00','2025-07-31 00:35:38',NULL,0,0,'DRAFT'),(43,9,NULL,NULL,'IT 인프라 보안 엔지니어 채용',NULL,'[필수]\n- 윈도우/리눅스 서버 운영 경험\n- 네트워크 이해도\n[우대]\n- 방화벽/IPS 등 보안장비 운영 경험','- 정규직, 주 5일, 대구 본사\n- 자기계발비, 중식 제공','- 사내 인프라 보안관리 및 점검\n- 장애 대응, 시스템 유지보수','서류 → 실무 → 임원 → 최종합격',1,'2025-07-10 00:00:00','2025-08-10 23:59:59',NULL,NULL,NULL,NULL,NULL,'RECRUITING','2025-06-24 16:02:00','2025-07-19 04:18:22',NULL,0,0,'DRAFT'),(44,9,NULL,NULL,'보안 솔루션 SW개발자 채용',NULL,'[필수]\n- C/C++, Python 등 SW개발 경험\n- 정보보호 관련 지식\n[우대]\n- 보안 솔루션 개발 경력','- 정규직, 주 5일\n- 복지포인트, 재택 일부 가능','- 보안 솔루션(Agent, Module) 개발\n- 신규 보안기술 연구','코딩테스트 → 실무 → 임원 → 합격',1,'2025-07-20 00:00:00','2025-08-20 23:59:59',NULL,NULL,NULL,NULL,NULL,'RECRUITING','2025-06-24 16:03:00','2025-07-20 02:48:39',NULL,0,0,'DRAFT'),(45,9,NULL,NULL,'보안 정책·기획 담당자 채용',NULL,'[필수]\n- 보안 정책 수립/기획 경험\n[우대]\n- 정보보호관리체계(ISMS) 인증 경험','- 정규직, 본사 근무\n- 자기계발, 복리후생 다양','- 보안 정책 수립/개정\n- 관련 문서화 및 감사 대응','서류 → 실무 → 임원 → 합격',1,'2025-07-25 00:00:00','2025-08-25 23:59:59',NULL,NULL,NULL,NULL,NULL,'RECRUITING','2025-06-24 16:04:00','2025-07-25 00:19:28',NULL,0,0,'DRAFT'),(46,10,NULL,NULL,'창고관리 및 입출고 담당자',NULL,'[필수]\n- 물류/창고 경력 우대\n- 신입 지원 가능','- 정규직, 전주 덕진구\n- 교대근무 가능, 중식 제공','- 입출고, 재고관리 및 자재 정리\n- 창고 운영, 물류 시스템 데이터 관리','서류 → 면접 → 합격',2,'2025-07-01 00:00:00','2025-07-31 23:59:59',NULL,NULL,NULL,NULL,NULL,'SELECTING','2025-06-24 15:00:00','2025-08-01 00:23:14',NULL,0,0,'DRAFT'),(47,10,NULL,NULL,'운송·배송기사 신입/경력 채용',NULL,'[필수]\n- 1종 보통 운전면허 필수\n[우대]\n- 배송·운송 경력자','- 정규직, 교대근무\n- 교통비/식대 지원','- 제품 운송 및 안전배송\n- 운송일지 작성 및 차량관리','서류 → 실무 → 면접 → 합격',3,'2025-07-05 00:00:00','2025-08-05 23:59:59',NULL,NULL,NULL,NULL,NULL,'SELECTING','2025-06-24 15:10:00','2025-08-06 00:26:46',NULL,0,0,'DRAFT'),(48,10,NULL,NULL,'국제물류/수출입 담당자',NULL,'[필수]\n- 영어/중국어 가능자 우대\n- 수출입업무 관심자','- 정규직, 주 5일\n- 자기계발비 지원','- 수출입 서류 관리\n- 해외 협력사 대응 및 통관업무 지원','서류 → 실무 → 임원 → 합격',1,'2025-07-10 00:00:00','2025-08-10 23:59:59',NULL,NULL,NULL,NULL,NULL,'RECRUITING','2025-06-24 15:20:00','2025-07-19 04:18:24',NULL,0,0,'DRAFT'),(49,10,49,NULL,'물류운영 기획·분석 담당자',NULL,'[필수]\n- 물류/운영 데이터 분석 경험 우대','- 정규직, 전주 본사\n- 중식 제공, 복지포인트 지급','- 물류 KPI·성과분석\n- 물류 효율화 기획/프로세스 개선','서류 → 실무 → 임원 → 합격',1,'2025-07-15 00:00:00','2025-08-15 23:59:59',NULL,NULL,NULL,NULL,NULL,'RECRUITING','2025-06-24 15:30:00','2025-07-19 04:18:24',NULL,0,0,'DRAFT'),(50,10,NULL,NULL,'물류센터 안전관리자 채용',NULL,'[필수]\n- 산업안전 자격증 우대','- 정규직, 교대근무\n- 중식, 특근수당 지급','- 현장 안전점검 및 교육\n- 시설 및 장비 안전관리','서류 → 면접 → 합격',1,'2025-07-20 00:00:00','2025-08-20 23:59:59',NULL,NULL,NULL,NULL,NULL,'RECRUITING','2025-06-24 15:40:00','2025-07-20 02:48:39',NULL,0,0,'DRAFT'),(51,11,NULL,NULL,'디지털 마케팅 담당자 신입/경력 채용',NULL,'[필수]\n- 대졸 이상\n- 온라인 마케팅/SNS 운영 경험\n[우대]\n- 마케팅 관련 자격증','- 정규직, 제주 본사 근무\n- 4대보험, 자기계발비 지원','- 자사 SNS/블로그 관리\n- 캠페인 기획·운영','서류 → 실무 → 임원 → 합격',2,'2025-07-01 00:00:00','2025-07-20 23:59:59',NULL,NULL,NULL,NULL,NULL,'SELECTING','2025-06-24 16:10:00','2025-07-21 01:18:37',NULL,0,0,'DRAFT'),(52,11,NULL,NULL,'콘텐츠 마케터(영상/카드뉴스) 채용',NULL,'[필수]\n- 콘텐츠 기획/제작 경험\n- 포토샵, 프리미어 활용 가능\n[우대]\n- 광고대행사 근무 경험','- 정규직, 복리후생 다양\n- 재택근무 일부 가능','- 영상, 카드뉴스 기획 및 제작\n- SNS 바이럴 마케팅 실행','서류 → 실무면접 → 임원 → 합격',1,'2025-07-03 00:00:00','2025-07-25 23:59:59',NULL,NULL,NULL,NULL,NULL,'SELECTING','2025-06-24 16:11:00','2025-07-26 00:10:20',NULL,0,0,'DRAFT'),(53,11,NULL,NULL,'브랜드 마케팅/PR 담당자',NULL,'[필수]\n- PR/브랜딩 실무 경험자\n[우대]\n- 관련 전공(광고/홍보/경영)','- 정규직, 제주 본사\n- 복리후생 다양','- 브랜드 전략 수립 및 실행\n- 언론 PR, 보도자료 작성','서류 → 실무 → 임원 → 합격',1,'2025-07-05 00:00:00','2025-08-01 23:59:59',NULL,NULL,NULL,NULL,NULL,'SELECTING','2025-06-24 16:12:00','2025-08-05 07:46:46',NULL,0,0,'DRAFT'),(54,11,NULL,NULL,'마케팅 데이터 분석가 채용',NULL,'[필수]\n- 데이터 분석 경험\n- 구글 Analytics, Excel 등 가능자\n[우대]\n- 관련 자격증, 통계/마케팅 전공','- 정규직, 주 5일, 자기계발 지원','- 마케팅 데이터 수집/분석\n- 효과 리포트 작성','서류 → 실무 → 임원 → 합격',1,'2025-07-10 00:00:00','2025-08-01 23:59:59',NULL,NULL,NULL,NULL,NULL,'SELECTING','2025-06-24 16:13:00','2025-08-05 07:46:46',NULL,0,0,'DRAFT'),(55,11,NULL,NULL,'이벤트·프로모션 기획 담당자 채용',NULL,'[필수]\n- 행사·이벤트 기획 경험\n[우대]\n- 제주 거주자, 운전 가능자','- 정규직, 탄력근무제 가능\n- 명절·생일선물, 워케이션 지원','- 각종 온/오프라인 이벤트 기획·운영\n- 협력사·파트너 관리','서류 → 면접 → 합격',2,'2025-07-12 00:00:00','2025-08-15 23:59:59',NULL,NULL,NULL,NULL,NULL,'RECRUITING','2025-06-24 16:14:00','2025-07-19 04:18:27',NULL,0,0,'DRAFT'),(56,12,NULL,NULL,'아티스트 매니저 신입/경력 채용',NULL,'[필수]\n- 대인관계 능력, 운전 가능자\n[우대]\n- 매니지먼트 경력자','- 정규직, 전주 본사\n- 교통비 지원, 중식 제공','- 아티스트 스케줄 관리 및 동행\n- 방송·공연·촬영 현장 지원','서류 → 실무 → 임원 → 합격',2,'2025-07-01 00:00:00','2025-07-31 23:59:59',NULL,NULL,NULL,NULL,NULL,'SELECTING','2025-06-24 17:00:00','2025-08-01 00:23:14',NULL,0,0,'DRAFT'),(57,12,NULL,NULL,'콘텐츠 기획/운영 담당자',NULL,'[필수]\n- 콘텐츠 기획/운영 경험자 우대\n[우대]\n- 영상/음원 관련 경험','- 정규직, 주 5일\n- 자기계발비 지원','- 아티스트 콘텐츠(영상/음원) 기획\n- SNS/유튜브 채널 운영','서류 → 실무 → 임원 → 합격',1,'2025-07-05 00:00:00','2025-08-05 23:59:59',NULL,NULL,NULL,NULL,NULL,'SELECTING','2025-06-24 17:10:00','2025-08-06 00:26:46',NULL,0,0,'DRAFT'),(58,12,NULL,NULL,'엔터 마케팅/프로모션 담당자',NULL,'[필수]\n- 온라인/오프라인 마케팅 경험자 우대','- 정규직, 탄력근무\n- 중식 제공, 워케이션 일부 가능','- 공연·앨범 마케팅 기획\n- 팬 이벤트, 굿즈 프로모션 운영','서류 → 면접 → 합격',2,'2025-07-10 00:00:00','2025-08-10 23:59:59',NULL,NULL,NULL,NULL,NULL,'RECRUITING','2025-06-24 17:20:00','2025-07-19 04:18:28',NULL,0,0,'DRAFT'),(59,12,NULL,NULL,'A&R 신입/경력 채용',NULL,'[필수]\n- 음악, 음반 제작 관심자\n[우대]\n- 음악·미디어 관련 경력','- 정규직, 전주 본사\n- 복리후생 다양','- 신인 아티스트 발굴/기획\n- 앨범 제작 및 음원 유통 관리','서류 → 실무 → 임원 → 합격',1,'2025-07-15 00:00:00','2025-08-15 23:59:59',NULL,NULL,NULL,NULL,NULL,'RECRUITING','2025-06-24 17:30:00','2025-07-19 04:18:28',NULL,0,0,'DRAFT'),(60,12,NULL,NULL,'엔터테인먼트 PR 담당자 채용',NULL,'[필수]\n- 언론홍보/미디어 커뮤니케이션 경험','- 정규직, 주 5일\n- 명절·생일선물, 자기계발비 지원','- 언론사·미디어 응대\n- 보도자료 작성 및 배포','서류 → 실무 → 임원 → 합격',1,'2025-07-20 00:00:00','2025-08-20 23:59:59',NULL,NULL,NULL,NULL,NULL,'RECRUITING','2025-06-24 17:40:00','2025-07-20 02:48:39',NULL,0,0,'DRAFT'),(61,13,NULL,NULL,'기계설계 엔지니어 신입/경력 채용',NULL,'[필수]\n- 기계공학 전공자\n- CAD/3D 설계툴 가능자','- 정규직, 경기 수원 광교\n- 중식 제공, 자기계발비 지원','- 기계 부품·장비 3D 설계 및 도면 작성\n- 신제품 구조/내구성 해석\n- 설계 검토 및 양산 협업','서류 → 실무 → 임원 → 합격',2,'2025-07-01 00:00:00','2025-07-31 23:59:59',NULL,NULL,NULL,NULL,NULL,'SELECTING','2025-06-24 18:00:00','2025-08-01 00:23:14',NULL,0,0,'DRAFT'),(62,13,NULL,NULL,'기계장비 생산관리 담당자',NULL,'[필수]\n- 생산/제조 현장 경험 우대','- 정규직, 3교대\n- 교통비/식대 지원','- 생산계획 수립 및 실적 관리\n- 공정 품질 및 원가 분석\n- 생산현장 문제해결 및 개선','서류 → 실무 → 임원 → 합격',2,'2025-07-05 00:00:00','2025-08-05 23:59:59',NULL,NULL,NULL,NULL,NULL,'SELECTING','2025-06-24 18:10:00','2025-08-06 00:26:46',NULL,0,0,'DRAFT'),(63,13,NULL,NULL,'설비유지보수 기술자 모집',NULL,'[필수]\n- 기계 설비 유지보수 경력자 우대\n- 신입 지원 가능','- 정규직, 주 5일\n- 연차/특근수당 지급','- 생산설비 정기점검 및 보수\n- 고장 진단 및 수리\n- 설비 매뉴얼 및 이력관리','서류 → 실무 → 임원 → 합격',1,'2025-07-10 00:00:00','2025-08-10 23:59:59',NULL,NULL,NULL,NULL,NULL,'RECRUITING','2025-06-24 18:20:00','2025-07-19 04:18:29',NULL,0,0,'DRAFT'),(64,13,NULL,NULL,'품질보증(QA) 담당자 신입/경력 채용',NULL,'[필수]\n- 품질관리/품질보증 경력자 우대','- 정규직, 경기 수원 본사\n- 자격증 지원, 복지포인트 지급','- 생산공정 품질검사 및 보고서 작성\n- 외주업체 품질관리 및 클레임 대응\n- 품질 감사 및 인증 대응','서류 → 실무 → 임원 → 합격',1,'2025-07-15 00:00:00','2025-08-15 23:59:59',NULL,NULL,NULL,NULL,NULL,'RECRUITING','2025-06-24 18:30:00','2025-07-19 04:18:30',NULL,0,0,'DRAFT'),(65,13,65,NULL,'기계 R&D 연구원 신입/경력 채용',NULL,'[필수]\n- 기계/자동차/로봇 전공자\n[우대]\n- 연구개발 경험 우대','- 정규직, 경기 수원 R&D센터\n- 연구수당, 중식 제공','- 신기술/신제품 연구개발\n- 시제품 설계·제작 및 테스트\n- 연구결과 분석 및 자료작성','서류 → 실무 → 임원 → 합격',2,'2025-07-20 00:00:00','2025-08-20 23:59:59',NULL,NULL,NULL,NULL,NULL,'RECRUITING','2025-06-24 18:40:00','2025-07-20 02:48:39',NULL,0,0,'DRAFT'),(66,4,67,NULL,'예시 공고 남바 완','개발팀','MIT, 하버드, 도원대','재택 근무','모든걸 다 혼자 도맡는 만능인.','서류 보고 면접 보고 합격 드립니다.',4,'2025-07-09 16:00','2025-07-24 21:00','서울시 송파구','프리랜서',NULL,'[{\"email\": \"hong5123@example.com\", \"role\": \"\\uad00\\ub9ac\\uc790\"}, {\"email\": \"hong5097@example.com\", \"role\": \"\\uba64\\ubc84\"}, {\"email\": \"hong5032@example.com\", \"role\": \"\\uba64\\ubc84\"}]',NULL,'SELECTING','2025-07-08 07:31:00','2025-07-24 23:00:13',NULL,0,0,'DRAFT'),(85,4,69,NULL,'(테스트2) 집 자기 전문가 모집','귀가팀','귀가를 많이 해봄\n막차 세이프 베테랑\n집이 멀수록 우대\n경기도민 가산점','집 가는 연습함','집 가는 일 담당\n가기 싫은 마음 많으면 더 우대','집 가는거 보고 뽑음',5,'2025-07-11 19:00','2025-07-19 19:30','집','계약직',NULL,'[{\"email\": \"hong5029@example.com\", \"role\": \"\\uad00\\ub9ac\\uc790\"}, {\"email\": \"hong5000@example.com\", \"role\": \"\\uba64\\ubc84\"}]',NULL,'SELECTING','2025-07-11 10:02:32','2025-07-20 02:48:40',NULL,0,0,'DRAFT'),(90,4,72,NULL,'곧 공고들 다 정리 하겠습니다...2','부서2','지원2','근무2','담당2','전형2',2,'2025-07-12 11:00','2025-07-25 12:00','2지역','정규직',NULL,'[{\"email\": \"email2@exam.com\", \"role\": \"\\uad00\\ub9ac\\uc790\"}]',NULL,'SELECTING','2025-07-12 02:00:40','2025-07-25 12:00:28',NULL,0,0,'DRAFT'),(92,4,75,NULL,'jobpost_role 테스트','뭉ㄹ','ㅁㅇㄴㄹ','ㅁㅇㄴㄹㅁㅇ','ㄹㅁㅇㄹ','ㅁㅇㄴㄹ',3,'2025-08-12 16:00','2025-08-17 16:30','ㅁㄴㅇㄹ','정규직',NULL,NULL,NULL,'SCHEDULED','2025-07-12 07:39:25','2025-07-16 02:26:54',NULL,0,0,'DRAFT'),(93,4,75,NULL,'jobpost_role 테스트','뭉ㄹ','ㅁㅇㄴㄹ','ㅁㅇㄴㄹㅁㅇ','ㄹㅁㅇㄹ','ㅁㅇㄴㄹ',3,'2025-07-12 16:00','2025-07-17 16:30','ㅁㄴㅇㄹ','정규직',NULL,NULL,NULL,'SELECTING','2025-07-12 07:40:58','2025-07-19 04:18:31',NULL,0,0,'DRAFT'),(94,4,77,NULL,'밥 먹기 장인','밥팀','푸드파이터 대회 참여 경험','계속 밥 먹어야함','밥 기본 세공기 이상 시 우대','밥 먹는거 보고 뽑음',1,'2025-07-14 15:00','2025-07-17 16:00','서울시 송파구','프리랜서',NULL,NULL,NULL,'SELECTING','2025-07-14 06:51:40','2025-07-19 04:18:31',NULL,0,0,'DRAFT'),(98,4,17,NULL,'알림 테스트','공공IT사업팀','ㅇ','ㅇ','ㅇ','ㅇ',3,'2025-07-14 21:00','2025-07-19 22:00','화성시 동탄','인턴',NULL,NULL,NULL,'SELECTING','2025-07-14 12:57:45','2025-07-20 02:48:40',NULL,0,0,'DRAFT'),(114,4,17,NULL,'알림 테스트 6','공공IT사업팀','알림 테스트 경력 5년차 이상','하루종일 알림 테스트 하고 집 못 감, 열정페이','코딩 잘 해야함. 평소에 소리 알림 켜두고 살면 우대','합격 여부 알림으로 알림',6,'2025-07-15 19:30','2025-07-17 20:00','알림왕국','인턴',NULL,NULL,NULL,'SELECTING','2025-07-15 10:46:58','2025-07-19 04:18:32',NULL,0,0,'DRAFT'),(115,4,17,NULL,'테스트용 채용공고','공공IT사업팀','학사 이상의 학위 소지자, 관련 분야 경력 1년 이상, 커뮤니케이션 능력 우수자','주 5일 근무, 급여는 면접 후 협의, 4대 보험 및 연차 제공','인사 관련 업무 지원, 채용 공고 작성 및 관리, 면접 일정 조율, 인사 데이터 관리','서류 전형 → 면접 전형 → 최종 합격 통보',2,'2025-07-08 00:00','2025-07-15 01:00','서울특별시 강남구','정규직',NULL,NULL,NULL,'SELECTING','2025-07-16 04:25:43','2025-07-19 04:18:32',NULL,0,0,'DRAFT'),(116,4,17,NULL,'LLM 개발자 채용 공고','공공IT사업팀','석사 이상의 학위 소지자, LLM 개발 경험 2년 이상, Python 및 TensorFlow/PyTorch 사용 능숙, 자연어 처리(NLP) 관련 프로젝트 경험 우대','주 5일 근무, 오전 9시부터 오후 6시까지, 연봉 5000만원 이상 (경력에 따라 협의 가능), 4대 보험, 유연근무제, 자기계발비 지원','LLM 모델 개발 및 최적화, 데이터 전처리 및 모델 학습, 성능 평가 및 개선, 팀 내 협업 및 기술 공유','서류 전형 → 1차 면접 (기술 면접) → 2차 면접 (인성 면접) → 최종 합격 통보',3,'2025-07-19 14:19','2025-08-02 14:19','서울특별시 강남구','정규직',NULL,NULL,NULL,'SELECTING','2025-07-16 14:22:33','2025-08-05 07:46:46',NULL,0,0,'DRAFT'),(117,4,17,NULL,'AI 에이전트 개발자 채용','공공IT사업팀','컴퓨터 공학 또는 관련 분야 학사 이상, AI 및 머신러닝 관련 프로젝트 경험, Python 및 TensorFlow, PyTorch 등의 프레임워크 사용 경험','주 5일 근무, 09:00 ~ 18:00, 연봉 4,000만원 이상 (경력에 따라 협의 가능), 4대 보험 및 자기계발비 지원','AI 에이전트 개발 및 최적화, 데이터 처리 및 분석, 알고리즘 설계 및 구현, 팀 내 협업 및 프로젝트 관리','서류 전형 → 1차 면접 (기술 면접) → 2차 면접 (인성 면접) → 최종 합격 통보',3,'2025-07-22 06:47','2025-08-05 06:47','서울특별시 강남구','정규직',NULL,NULL,NULL,'SELECTING','2025-07-19 07:03:40','2025-08-05 07:46:46',NULL,0,0,'DRAFT'),(119,4,17,NULL,'첫번째 테스트용 개발자 채용 공고',NULL,'컴퓨터 공학 관련 전공 학사 이상, Java 또는 Python 개발 경험 2년 이상, Git 사용 경험 필수','주 5일 근무(월~금), 09:00 ~ 18:00, 연봉 3,500만원 ~ 4,500만원, 4대 보험 및 식대 지원','백엔드 개발자로서 시스템 설계 및 구현, API 개발, 데이터베이스 관리 등의 업무를 수행합니다. Java 또는 Python을 활용한 개발 경험이 필요하며, 팀 협업을 위한 커뮤니케이션 능력이 요구됩니다.','서류 전형 → 1차 면접 → 2차 면접 → 최종 합격 통보',2,'2025-07-23 06:44','2025-08-06 06:44','서울특별시 송파구','계약직',NULL,NULL,NULL,'SELECTING','2025-07-21 06:46:17','2025-08-08 14:20:17',NULL,0,0,'DRAFT'),(120,4,17,NULL,'첫번째 테스트용 개발자 채용 공고',NULL,'컴퓨터 공학 관련 전공 학사 이상, Java 또는 Python 개발 경험 2년 이상, Git 사용 경험 필수','주 5일 근무(월~금), 09:00 ~ 18:00, 연봉 3,500만원 ~ 4,500만원, 4대 보험 및 식대 지원','백엔드 개발자로서 시스템 설계 및 구현, API 개발, 데이터베이스 관리 등의 업무를 수행합니다. Java 또는 Python을 활용한 개발 경험이 필요하며, 팀 협업을 위한 커뮤니케이션 능력이 요구됩니다.','서류 전형 → 1차 면접 → 2차 면접 → 최종 합격 통보',2,'2025-07-23 06:44','2025-08-06 06:44','서울특별시 송파구','계약직',NULL,NULL,NULL,'SELECTING','2025-07-21 06:48:24','2025-08-08 14:20:17',NULL,0,0,'DRAFT'),(123,4,67,NULL,'프론트엔드 개발자 채용 공고','개발팀','JavaScript, HTML, CSS에 대한 깊은 이해와 경험, React 또는 Vue.js 프레임워크 사용 경험, Git 및 버전 관리 시스템에 대한 이해, 팀 협업 능력, 문제 해결 능력','주 5일 근무 (월요일~금요일), 근무시간: 09:00 ~ 18:00, 연봉: 경력에 따라 협의, 4대 보험 및 식대 지원','프론트엔드 애플리케이션 개발 및 유지보수, UI/UX 디자인과의 협업을 통한 사용자 경험 개선, 코드 리뷰 및 테스트 수행, 최신 웹 기술 트렌드에 대한 연구 및 적용','서류 전형 → 1차 면접 (기술 면접) → 2차 면접 (인성 면접) → 최종 합격 통보',2,'2025-07-24 08:55','2025-08-07 08:55','서울특별시 강남구','정규직',NULL,NULL,NULL,'SELECTING','2025-07-21 08:57:10','2025-08-08 14:20:17',NULL,0,0,'DRAFT'),(128,4,17,NULL,'프론트엔드 개발자 채용 공고','공공IT사업팀','JavaScript, HTML, CSS에 대한 깊은 이해와 경험, React 또는 Vue.js 프레임워크 사용 경험, Git 및 버전 관리 시스템에 대한 이해, 팀워크 및 커뮤니케이션 능력','주 5일 근무 (월-금), 근무시간 09:00 - 18:00, 연봉 3,000만원 ~ 4,500만원 (경력에 따라 협의 가능), 4대 보험 및 연차, 자기계발비 지원','프론트엔드 웹 애플리케이션 개발 및 유지보수, UI/UX 개선을 위한 협업, RESTful API와의 연동, 코드 리뷰 및 테스트 작성','서류전형 → 1차 면접 → 2차 면접 → 최종 합격 통보',2,'2025-07-26 08:35','2025-08-09 08:35','서울특별시 강남구','정규직',NULL,NULL,NULL,'RECRUITING','2025-07-24 08:36:18','2025-07-26 08:43:40',NULL,0,0,'DRAFT'),(129,4,17,NULL,'목요일 테스트 2','공공IT사업팀','웹 프론트엔드 개발 경험 3년 이상, HTML, CSS, JavaScript, React 또는 Vue.js 숙련자, Git 사용 경험, 협업 및 커뮤니케이션 능력','주 5일 근무 (월~금), 오전 9시 ~ 오후 6시, 연봉 3,500만원 ~ 5,000만원 (경력에 따라 협의 가능), 4대 보험, 자기계발비 지원, 유연근무제','프론트엔드 애플리케이션 개발 및 유지보수, UI/UX 개선, API 연동 및 데이터 처리, 코드 리뷰 및 테스트, 팀원과의 협업을 통한 프로젝트 진행','1차 서류전형 → 2차 면접전형 → 최종 합격 통보',2,'2025-07-23 07:00','2025-08-08 08:38','서울특별시 강남구','정규직',NULL,NULL,NULL,'SELECTING','2025-07-24 08:40:05','2025-08-08 14:20:17',NULL,0,0,'DRAFT'),(130,4,17,NULL,'백엔드 개발자 채용 공고','공공IT사업팀','컴퓨터 공학 또는 관련 분야 학사 이상, Java, Python, Node.js 중 1개 이상의 언어에 대한 숙련, RESTful API 설계 및 개발 경험, 데이터베이스(MySQL, PostgreSQL 등) 사용 경험, Git 및 버전 관리 시스템에 대한 이해','주 5일 근무(월~금), 09:00 ~ 18:00, 연봉 4,000만원 ~ 6,000만원(경력에 따라 협의 가능), 4대 보험, 연차 및 경조사 휴가 제공, 자기계발비 지원','백엔드 시스템 설계 및 구현, API 개발 및 유지보수, 데이터베이스 설계 및 최적화, 팀과의 협업을 통한 프로젝트 진행, 코드 리뷰 및 품질 관리','서류 전형 → 1차 면접(기술 면접) → 2차 면접(인성 면접) → 최종 합격 통보',3,'2025-07-16 00:00','2025-07-24 14:30','서울특별시 강남구','정규직',NULL,NULL,NULL,'SELECTING','2025-07-24 14:10:40','2025-07-25 00:25:05',NULL,0,0,'DRAFT'),(131,4,17,NULL,'풀스택 개발자 채용 공고','공공IT사업팀','컴퓨터 공학 또는 관련 분야 학사 이상, 3년 이상의 웹 애플리케이션 개발 경험, JavaScript, HTML, CSS, Node.js, React 또는 Vue.js 경험 필수, Git 및 CI/CD 도구 사용 경험','주 5일 근무 (월~금), 오전 9시 ~ 오후 6시, 연봉 4,000만원 ~ 6,000만원 (경력에 따라 협의 가능), 4대 보험, 연차 및 경조사 휴가 제공','웹 애플리케이션의 설계 및 개발, 프론트엔드 및 백엔드 시스템 통합, 코드 리뷰 및 품질 보증, 기술 문서 작성 및 유지보수, 팀원과의 협업을 통한 프로젝트 진행','서류 전형 → 1차 면접 (팀장) → 2차 면접 (임원) → 최종 합격 통보',1,'2025-07-27 14:11','2025-08-10 14:11','서울특별시 강남구','정규직',NULL,NULL,NULL,'RECRUITING','2025-07-24 14:14:16','2025-07-27 14:14:09',NULL,0,0,'DRAFT'),(132,4,17,NULL,'금요일 첫번째 레슨','공공IT사업팀','양자 컴퓨터 관련 전공 석사 이상, 양자 알고리즘 및 프로그래밍 경험, C++, Python, Qiskit 등 관련 언어 및 툴 사용 능력','주 5일 근무, 09:00 ~ 18:00, 연봉 5,000만원 이상 (경력에 따라 협의 가능), 4대 보험 및 성과급 지급','양자 컴퓨터 알고리즘 개발 및 최적화, 양자 시스템 설계 및 구현, 연구 결과 발표 및 문서화, 팀 협업 및 프로젝트 관리','서류 전형 → 1차 면접 → 2차 면접 → 최종 합격 통보',3,'2025-07-25 00:00','2025-07-25 01:00','서울특별시 강남구','정규직',NULL,NULL,NULL,'SELECTING','2025-07-25 00:33:45','2025-07-25 00:33:45',NULL,0,0,'DRAFT');
/*!40000 ALTER TABLE `jobpost` ENABLE KEYS */;
UNLOCK TABLES;

--
-- Table structure for table `jobpost_role`
--




DROP TABLE IF EXISTS `jobpost_role`;
/*!40101 SET @saved_cs_client     = @@character_set_client */;
/*!50503 SET character_set_client = utf8mb4 */;
CREATE TABLE `jobpost_role` (
  `jobpost_id` int NOT NULL,
  `company_user_id` int NOT NULL,
  `role` varchar(30) NOT NULL,
  `granted_at` timestamp NULL DEFAULT CURRENT_TIMESTAMP,
  PRIMARY KEY (`jobpost_id`,`company_user_id`,`role`),
  KEY `company_user_id` (`company_user_id`),
  CONSTRAINT `jobpost_role_ibfk_1` FOREIGN KEY (`jobpost_id`) REFERENCES `jobpost` (`id`) ON DELETE CASCADE,
  CONSTRAINT `jobpost_role_ibfk_2` FOREIGN KEY (`company_user_id`) REFERENCES `company_user` (`id`) ON DELETE CASCADE,
  CONSTRAINT `jobpost_role_chk_1` CHECK ((`role` in (_utf8mb4'MANAGER',_utf8mb4'MEMBER')))
) ENGINE=InnoDB DEFAULT CHARSET=utf8mb4 COLLATE=utf8mb4_0900_ai_ci;
/*!40101 SET character_set_client = @saved_cs_client */;

--
-- Dumping data for table `jobpost_role`
--

LOCK TABLES `jobpost_role` WRITE;
/*!40000 ALTER TABLE `jobpost_role` DISABLE KEYS */;
INSERT INTO `jobpost_role` VALUES (1,3339,'MEMBER','2025-06-09 10:15:08'),(1,3430,'MANAGER','2025-06-17 10:15:08'),(1,3924,'MEMBER','2025-06-07 10:15:08'),(1,4015,'MEMBER','2025-06-02 10:15:08'),(1,4197,'MEMBER','2025-06-17 10:15:08'),(1,4457,'MEMBER','2025-06-26 10:15:08'),(2,3469,'MEMBER','2025-06-17 10:15:08'),(2,3638,'MEMBER','2025-06-08 10:15:08'),(2,3651,'MEMBER','2025-06-18 10:15:08'),(2,4236,'MEMBER','2025-06-19 10:15:08'),(2,4379,'MANAGER','2025-06-23 10:15:08'),(2,4782,'MEMBER','2025-06-24 10:15:08'),(2,4834,'MEMBER','2025-06-27 10:15:08'),(3,3534,'MEMBER','2025-06-26 10:15:08'),(3,3690,'MEMBER','2025-06-04 10:15:08'),(3,4301,'MEMBER','2025-06-27 10:15:08'),(3,4548,'MEMBER','2025-06-10 10:15:08'),(3,4730,'MANAGER','2025-06-09 10:15:08'),(3,4860,'MEMBER','2025-06-25 10:15:08'),(3,5029,'MEMBER','2025-06-13 10:15:08'),(4,3066,'MEMBER','2025-06-04 10:15:08'),(4,3651,'MEMBER','2025-06-30 10:15:08'),(4,4210,'MANAGER','2025-06-04 10:15:08'),(4,4626,'MEMBER','2025-06-19 10:15:08'),(4,4678,'MEMBER','2025-06-30 10:15:08'),(4,4860,'MEMBER','2025-06-14 10:15:08'),(4,5068,'MEMBER','2025-06-28 10:15:08'),(5,3989,'MEMBER','2025-06-14 10:15:08'),(5,4288,'MANAGER','2025-06-15 10:15:08'),(5,4392,'MEMBER','2025-06-03 10:15:08'),(5,4613,'MEMBER','2025-06-18 10:15:08'),(5,4626,'MEMBER','2025-06-30 10:15:08'),(5,4704,'MEMBER','2025-06-18 10:15:08'),(5,4886,'MEMBER','2025-06-06 10:15:08'),(5,4912,'MEMBER','2025-06-06 10:15:08'),(6,3171,'MEMBER','2025-06-08 10:15:08'),(6,4380,'MEMBER','2025-06-28 10:15:08'),(6,4549,'MEMBER','2025-06-14 10:15:08'),(6,4718,'MANAGER','2025-06-25 10:15:08'),(6,4848,'MEMBER','2025-06-03 10:15:08'),(6,5030,'MEMBER','2025-06-19 10:15:08'),(6,5043,'MEMBER','2025-06-23 10:15:08'),(7,3106,'MANAGER','2025-06-19 10:15:08'),(7,3873,'MEMBER','2025-06-23 10:15:08'),(7,3899,'MEMBER','2025-06-18 10:15:08'),(7,4042,'MEMBER','2025-06-09 10:15:08'),(7,4510,'MEMBER','2025-06-20 10:15:08'),(7,5017,'MEMBER','2025-06-15 10:15:08'),(7,5056,'MEMBER','2025-06-25 10:15:08'),(7,5082,'MEMBER','2025-06-26 10:15:08'),(8,3288,'MANAGER','2025-06-11 10:15:08'),(8,3522,'MEMBER','2025-06-08 10:15:08'),(8,4068,'MEMBER','2025-06-26 10:15:08'),(8,4276,'MEMBER','2025-06-28 10:15:08'),(8,4367,'MEMBER','2025-06-28 10:15:08'),(9,3080,'MEMBER','2025-06-03 10:15:08'),(9,3275,'MEMBER','2025-06-05 10:15:08'),(9,3418,'MEMBER','2025-06-17 10:15:08'),(9,4640,'MEMBER','2025-06-08 10:15:08'),(9,5069,'MANAGER','2025-06-19 10:15:08'),(10,3639,'MEMBER','2025-06-08 10:15:08'),(10,3938,'MEMBER','2025-06-10 10:15:08'),(10,4354,'MEMBER','2025-06-05 10:15:08'),(10,4679,'MANAGER','2025-06-09 10:15:08'),(10,4718,'MEMBER','2025-06-30 10:15:08'),(10,4926,'MEMBER','2025-06-04 10:15:08'),(10,4939,'MEMBER','2025-06-05 10:15:08'),(10,5095,'MEMBER','2025-06-08 10:15:08'),(11,3224,'MEMBER','2025-06-19 10:15:08'),(11,3237,'MEMBER','2025-06-16 10:15:08'),(11,3406,'MEMBER','2025-06-15 10:15:08'),(11,3757,'MEMBER','2025-06-11 10:15:08'),(11,4238,'MANAGER','2025-06-03 10:15:08'),(11,4498,'MEMBER','2025-06-27 10:15:08'),(11,4524,'MEMBER','2025-06-27 10:15:08'),(11,4706,'MEMBER','2025-06-21 10:15:08'),(12,3744,'MEMBER','2025-06-17 10:15:08'),(12,3874,'MEMBER','2025-06-10 10:15:08'),(12,4004,'MEMBER','2025-06-22 10:15:08'),(12,4485,'MEMBER','2025-06-10 10:15:08'),(12,4511,'MEMBER','2025-06-21 10:15:08'),(12,4524,'MEMBER','2025-06-22 10:15:08'),(12,4706,'MANAGER','2025-06-23 10:15:08'),(12,4810,'MEMBER','2025-06-12 10:15:08'),(13,3107,'MEMBER','2025-06-20 10:15:08'),(13,3536,'MEMBER','2025-06-19 10:15:08'),(13,3679,'MEMBER','2025-06-03 10:15:08'),(13,4303,'MEMBER','2025-06-30 10:15:08'),(13,4420,'MEMBER','2025-06-26 10:15:08'),(13,4758,'MEMBER','2025-06-07 10:15:08'),(13,4875,'MANAGER','2025-06-11 10:15:08'),(14,3263,'MEMBER','2025-06-05 10:15:08'),(14,4524,'MEMBER','2025-06-05 10:15:08'),(14,4771,'MEMBER','2025-06-08 10:15:08'),(14,4836,'MANAGER','2025-06-24 10:15:08'),(15,3614,'MEMBER','2025-06-11 10:15:08'),(15,4615,'MANAGER','2025-06-16 10:15:08'),(15,4849,'MEMBER','2025-07-01 10:15:08'),(15,4927,'MEMBER','2025-06-03 10:15:08'),(16,3329,'MANAGER','2025-06-16 10:15:08'),(16,3355,'MEMBER','2025-06-22 10:15:08'),(16,3888,'MEMBER','2025-06-15 10:15:08'),(16,4278,'MEMBER','2025-06-09 10:15:08'),(16,4941,'MEMBER','2025-06-05 10:15:08'),(17,3498,'MEMBER','2025-07-14 03:08:37'),(17,3537,'MEMBER','2025-07-14 03:08:37'),(17,3862,'MEMBER','2025-07-14 03:08:37'),(17,4408,'MEMBER','2025-07-14 03:08:37'),(17,4850,'MEMBER','2025-07-14 03:08:37'),(17,5045,'MANAGER','2025-07-14 03:08:37'),(17,5058,'MEMBER','2025-07-14 03:08:37'),(17,5097,'MEMBER','2025-07-14 03:08:37'),(17,5130,'MANAGER','2025-07-14 03:08:37'),(18,3017,'MEMBER','2025-06-02 10:15:08'),(18,3212,'MEMBER','2025-06-10 10:15:08'),(18,3810,'MEMBER','2025-06-28 10:15:08'),(18,4005,'MEMBER','2025-06-22 10:15:08'),(18,4304,'MEMBER','2025-06-29 10:15:08'),(18,4460,'MEMBER','2025-06-09 10:15:08'),(18,4746,'MANAGER','2025-06-24 10:15:08'),(18,5084,'MEMBER','2025-06-23 10:15:08'),(19,3134,'MEMBER','2025-06-29 10:15:08'),(19,3186,'MEMBER','2025-06-05 10:15:08'),(19,4161,'MEMBER','2025-06-18 10:15:08'),(19,4629,'MEMBER','2025-06-11 10:15:08'),(19,5045,'MANAGER','2025-06-24 10:15:08'),(20,3719,'MEMBER','2025-07-01 10:15:08'),(20,3771,'MEMBER','2025-06-12 10:15:08'),(20,3888,'MEMBER','2025-06-05 10:15:08'),(20,4200,'MEMBER','2025-06-20 10:15:08'),(20,4252,'MEMBER','2025-06-03 10:15:08'),(20,4668,'MANAGER','2025-06-23 10:15:08'),(20,5071,'MEMBER','2025-06-19 10:15:08'),(21,3005,'MEMBER','2025-06-04 10:15:08'),(21,3122,'MEMBER','2025-06-02 10:15:08'),(21,3811,'MEMBER','2025-06-11 10:15:08'),(21,4617,'MANAGER','2025-06-16 10:15:08'),(22,3018,'MEMBER','2025-06-11 10:15:08'),(22,3330,'MEMBER','2025-06-13 10:15:08'),(22,3460,'MEMBER','2025-06-18 10:15:08'),(22,4201,'MANAGER','2025-06-10 10:15:08'),(22,4851,'MEMBER','2025-06-30 10:15:08'),(23,3005,'MEMBER','2025-06-03 10:15:08'),(23,3408,'MEMBER','2025-06-10 10:15:08'),(23,3863,'MEMBER','2025-06-23 10:15:08'),(23,3993,'MEMBER','2025-06-05 10:15:08'),(23,4227,'MEMBER','2025-06-12 10:15:08'),(23,4513,'MEMBER','2025-06-12 10:15:08'),(23,4734,'MANAGER','2025-06-20 10:15:08'),(23,5020,'MEMBER','2025-06-20 10:15:08'),(24,3200,'MEMBER','2025-06-14 10:15:08'),(24,3707,'MEMBER','2025-06-27 10:15:08'),(24,4175,'MEMBER','2025-06-29 10:15:08'),(24,4279,'MANAGER','2025-06-17 10:15:08'),(25,3109,'MEMBER','2025-06-14 10:15:08'),(25,3356,'MEMBER','2025-06-05 10:15:08'),(25,4006,'MEMBER','2025-06-28 10:15:08'),(25,4058,'MEMBER','2025-06-07 10:15:08'),(25,4409,'MEMBER','2025-06-19 10:15:08'),(25,4578,'MEMBER','2025-06-29 10:15:08'),(25,4682,'MEMBER','2025-06-07 10:15:08'),(25,5033,'MANAGER','2025-06-19 10:15:08'),(26,3110,'MEMBER','2025-06-27 10:15:08'),(26,3526,'MEMBER','2025-06-26 10:15:08'),(26,3786,'MEMBER','2025-06-20 10:15:08'),(26,4215,'MEMBER','2025-06-13 10:15:08'),(26,4722,'MEMBER','2025-06-14 10:15:08'),(26,4878,'MANAGER','2025-06-07 10:15:08'),(26,4904,'MEMBER','2025-06-16 10:15:08'),(27,3214,'MEMBER','2025-06-24 10:15:08'),(27,3331,'MEMBER','2025-06-25 10:15:08'),(27,4033,'MANAGER','2025-06-27 10:15:08'),(27,4644,'MEMBER','2025-06-08 10:15:08'),(28,3136,'MEMBER','2025-06-21 10:15:08'),(28,3253,'MEMBER','2025-06-16 10:15:08'),(28,3630,'MEMBER','2025-06-16 10:15:08'),(28,3851,'MEMBER','2025-06-15 10:15:08'),(28,4176,'MEMBER','2025-06-10 10:15:08'),(28,4618,'MEMBER','2025-06-26 10:15:08'),(28,5008,'MANAGER','2025-06-09 10:15:08'),(29,3019,'MEMBER','2025-06-08 10:15:08'),(29,3032,'MEMBER','2025-06-16 10:15:08'),(29,3188,'MANAGER','2025-06-30 10:15:08'),(29,3552,'MEMBER','2025-06-22 10:15:08'),(29,3955,'MEMBER','2025-06-02 10:15:08'),(29,4046,'MEMBER','2025-06-03 10:15:08'),(29,5073,'MEMBER','2025-06-02 10:15:08'),(30,3305,'MEMBER','2025-06-09 10:15:08'),(30,3734,'MEMBER','2025-06-23 10:15:08'),(30,3929,'MEMBER','2025-06-12 10:15:08'),(30,4345,'MEMBER','2025-06-11 10:15:08'),(30,4501,'MEMBER','2025-06-22 10:15:08'),(30,4553,'MANAGER','2025-06-13 10:15:08'),(30,4943,'MEMBER','2025-06-13 10:15:08'),(31,3124,'MEMBER','2025-06-14 10:15:08'),(31,3618,'MEMBER','2025-06-26 10:15:08'),(31,3813,'MEMBER','2025-06-26 10:15:08'),(31,4021,'MEMBER','2025-06-07 10:15:08'),(31,4723,'MANAGER','2025-06-16 10:15:08'),(31,4970,'MEMBER','2025-06-29 10:15:08'),(32,3839,'MEMBER','2025-06-14 10:15:08'),(32,4125,'MANAGER','2025-06-02 10:15:08'),(32,4645,'MEMBER','2025-06-23 10:15:08'),(32,4658,'MEMBER','2025-06-05 10:15:08'),(32,4931,'MEMBER','2025-06-16 10:15:08'),(33,3215,'MEMBER','2025-06-11 10:15:08'),(33,3293,'MEMBER','2025-06-03 10:15:08'),(33,3631,'MANAGER','2025-06-08 10:15:08'),(33,3787,'MEMBER','2025-06-18 10:15:08'),(33,3943,'MEMBER','2025-06-22 10:15:08'),(33,4138,'MEMBER','2025-06-24 10:15:08'),(33,4385,'MEMBER','2025-06-03 10:15:08'),(34,3254,'MEMBER','2025-06-27 10:15:08'),(34,3358,'MEMBER','2025-06-10 10:15:08'),(34,3488,'MEMBER','2025-06-12 10:15:08'),(34,4060,'MEMBER','2025-06-13 10:15:08'),(34,4528,'MANAGER','2025-06-02 10:15:08'),(34,5035,'MEMBER','2025-06-14 10:15:08'),(34,5126,'MEMBER','2025-06-06 10:15:08'),(35,3436,'MEMBER','2025-07-01 10:15:08'),(35,3475,'MEMBER','2025-06-19 10:15:08'),(35,3644,'MEMBER','2025-06-27 10:15:08'),(35,3670,'MEMBER','2025-06-21 10:15:08'),(35,4528,'MANAGER','2025-06-14 10:15:08'),(35,4671,'MEMBER','2025-06-08 10:15:08'),(35,5061,'MEMBER','2025-06-06 10:15:08'),(36,3515,'MANAGER','2025-06-20 10:15:08'),(36,3593,'MEMBER','2025-06-02 10:15:08'),(36,3606,'MEMBER','2025-06-25 10:15:08'),(36,3684,'MEMBER','2025-06-07 10:15:08'),(36,4074,'MEMBER','2025-06-04 10:15:08'),(36,4152,'MEMBER','2025-06-05 10:15:08'),(36,4178,'MEMBER','2025-06-10 10:15:08'),(36,4958,'MEMBER','2025-06-15 10:15:08'),(37,4568,'MEMBER','2025-06-25 10:15:08'),(37,4633,'MEMBER','2025-06-16 10:15:08'),(37,4646,'MANAGER','2025-06-11 10:15:08'),(37,5023,'MEMBER','2025-07-01 10:15:08'),(37,5088,'MEMBER','2025-06-15 10:15:08'),(38,3359,'MEMBER','2025-06-06 10:15:08'),(38,3385,'MEMBER','2025-07-01 10:15:08'),(38,3528,'MEMBER','2025-06-23 10:15:08'),(38,3645,'MEMBER','2025-06-23 10:15:08'),(38,4113,'MEMBER','2025-06-04 10:15:08'),(38,4178,'MANAGER','2025-06-08 10:15:08'),(38,4802,'MEMBER','2025-06-28 10:15:08'),(39,3281,'MEMBER','2025-06-30 10:15:08'),(39,3398,'MEMBER','2025-07-01 10:15:08'),(39,3476,'MEMBER','2025-06-27 10:15:08'),(39,4061,'MANAGER','2025-06-10 10:15:08'),(39,4360,'MEMBER','2025-06-10 10:15:08'),(39,4568,'MEMBER','2025-06-28 10:15:08'),(39,4620,'MEMBER','2025-06-30 10:15:08'),(40,3125,'MEMBER','2025-06-25 10:15:08'),(40,3424,'MEMBER','2025-06-17 10:15:08'),(40,3580,'MEMBER','2025-06-07 10:15:08'),(40,4256,'MEMBER','2025-06-07 10:15:08'),(40,4386,'MANAGER','2025-06-19 10:15:08'),(40,4698,'MEMBER','2025-07-01 10:15:08'),(41,3334,'MEMBER','2025-06-02 10:15:08'),(41,3399,'MANAGER','2025-06-25 10:15:08'),(41,3516,'MEMBER','2025-06-28 10:15:08'),(41,3945,'MEMBER','2025-06-12 10:15:08'),(41,4101,'MEMBER','2025-06-16 10:15:08'),(41,4322,'MEMBER','2025-06-12 10:15:08'),(42,3659,'MEMBER','2025-06-29 10:15:08'),(42,3841,'MEMBER','2025-06-20 10:15:08'),(42,4088,'MEMBER','2025-06-22 10:15:08'),(42,4374,'MANAGER','2025-06-27 10:15:08'),(43,3022,'MEMBER','2025-06-04 10:15:08'),(43,4166,'MEMBER','2025-06-06 10:15:08'),(43,4361,'MANAGER','2025-06-25 10:15:08'),(43,4686,'MEMBER','2025-06-26 10:15:08'),(43,5011,'MEMBER','2025-06-28 10:15:08'),(44,3217,'MEMBER','2025-06-19 10:15:08'),(44,3321,'MEMBER','2025-06-22 10:15:08'),(44,3412,'MANAGER','2025-06-09 10:15:08'),(44,4062,'MEMBER','2025-06-20 10:15:08'),(44,4413,'MEMBER','2025-06-30 10:15:08'),(45,3165,'MEMBER','2025-06-23 10:15:08'),(45,3256,'MEMBER','2025-06-25 10:15:08'),(45,3971,'MEMBER','2025-06-19 10:15:08'),(45,4114,'MANAGER','2025-06-22 10:15:08'),(45,4322,'MEMBER','2025-06-21 10:15:08'),(45,4491,'MEMBER','2025-06-24 10:15:08'),(45,4712,'MEMBER','2025-06-03 10:15:08'),(45,4946,'MEMBER','2025-06-06 10:15:08'),(46,3049,'MEMBER','2025-06-24 10:15:08'),(46,3283,'MEMBER','2025-06-19 10:15:08'),(46,3322,'MEMBER','2025-06-28 10:15:08'),(46,3335,'MEMBER','2025-06-24 10:15:08'),(46,3959,'MANAGER','2025-06-13 10:15:08'),(46,4102,'MEMBER','2025-06-26 10:15:08'),(46,4687,'MEMBER','2025-06-23 10:15:08'),(46,4817,'MEMBER','2025-06-11 10:15:08'),(47,3465,'MEMBER','2025-06-05 10:15:08'),(47,3751,'MANAGER','2025-06-02 10:15:08'),(47,3920,'MEMBER','2025-06-13 10:15:08'),(47,4115,'MEMBER','2025-06-22 10:15:08'),(47,4934,'MEMBER','2025-06-14 10:15:08'),(48,3127,'MANAGER','2025-06-04 10:15:08'),(48,3361,'MEMBER','2025-06-28 10:15:08'),(48,3543,'MEMBER','2025-06-30 10:15:08'),(48,3647,'MEMBER','2025-06-16 10:15:08'),(48,3673,'MEMBER','2025-06-08 10:15:08'),(48,4414,'MEMBER','2025-06-21 10:15:08'),(48,4739,'MEMBER','2025-06-18 10:15:08'),(49,3140,'MANAGER','2025-06-15 10:15:08'),(49,3413,'MEMBER','2025-06-17 10:15:08'),(49,3881,'MEMBER','2025-06-18 10:15:08'),(49,4557,'MEMBER','2025-06-29 10:15:08'),(50,3205,'MANAGER','2025-06-29 10:15:08'),(50,3452,'MEMBER','2025-06-02 10:15:08'),(50,4284,'MEMBER','2025-06-24 10:15:08'),(50,4297,'MEMBER','2025-06-23 10:15:08'),(50,4401,'MEMBER','2025-06-26 10:15:08'),(50,4895,'MEMBER','2025-06-11 10:15:08'),(51,3310,'MEMBER','2025-06-27 10:15:08'),(51,3544,'MEMBER','2025-06-11 10:15:08'),(51,3609,'MEMBER','2025-07-01 10:15:08'),(51,3947,'MANAGER','2025-06-21 10:15:08'),(51,4077,'MEMBER','2025-06-11 10:15:08'),(51,4103,'MEMBER','2025-06-06 10:15:08'),(52,3583,'MEMBER','2025-06-04 10:15:08'),(52,3687,'MEMBER','2025-07-01 10:15:08'),(52,3791,'MANAGER','2025-06-11 10:15:08'),(52,3895,'MEMBER','2025-06-20 10:15:08'),(52,4207,'MEMBER','2025-06-29 10:15:08'),(52,4220,'MEMBER','2025-06-15 10:15:08'),(52,4909,'MEMBER','2025-06-29 10:15:08'),(53,3362,'MEMBER','2025-06-06 10:15:08'),(53,4103,'MEMBER','2025-06-03 10:15:08'),(53,4493,'MEMBER','2025-06-02 10:15:08'),(53,4623,'MANAGER','2025-06-07 10:15:08'),(53,4909,'MEMBER','2025-06-25 10:15:08'),(54,3609,'MEMBER','2025-06-16 10:15:08'),(54,4298,'MEMBER','2025-06-10 10:15:08'),(54,4779,'MEMBER','2025-06-07 10:15:08'),(54,5117,'MANAGER','2025-06-04 10:15:08'),(55,3427,'MEMBER','2025-06-18 10:15:08'),(55,4181,'MEMBER','2025-06-02 10:15:08'),(55,4285,'MEMBER','2025-06-26 10:15:08'),(55,4389,'MEMBER','2025-06-13 10:15:08'),(55,4415,'MEMBER','2025-06-25 10:15:08'),(55,4844,'MEMBER','2025-06-05 10:15:08'),(55,5013,'MANAGER','2025-06-06 10:15:08'),(55,5078,'MEMBER','2025-06-14 10:15:08'),(56,3428,'MEMBER','2025-06-24 10:15:08'),(56,3805,'MEMBER','2025-06-17 10:15:08'),(56,4390,'MEMBER','2025-06-10 10:15:08'),(56,4962,'MANAGER','2025-06-16 10:15:08'),(57,3103,'MEMBER','2025-06-08 10:15:08'),(57,3597,'MEMBER','2025-06-05 10:15:08'),(57,3779,'MEMBER','2025-06-15 10:15:08'),(57,3844,'MANAGER','2025-06-16 10:15:08'),(57,4091,'MEMBER','2025-06-10 10:15:08'),(57,4676,'MEMBER','2025-06-07 10:15:08'),(57,4754,'MEMBER','2025-06-15 10:15:08'),(57,4910,'MEMBER','2025-06-13 10:15:08'),(58,3129,'MEMBER','2025-06-11 10:15:08'),(58,3454,'MEMBER','2025-06-18 10:15:08'),(58,3610,'MEMBER','2025-06-27 10:15:08'),(58,3909,'MEMBER','2025-07-01 10:15:08'),(58,4143,'MANAGER','2025-06-15 10:15:08'),(58,4364,'MEMBER','2025-06-05 10:15:08'),(58,4988,'MEMBER','2025-06-14 10:15:08'),(59,3194,'MANAGER','2025-06-28 10:15:08'),(59,3766,'MEMBER','2025-06-15 10:15:08'),(59,4182,'MEMBER','2025-06-10 10:15:08'),(59,4273,'MEMBER','2025-06-30 10:15:08'),(59,4468,'MEMBER','2025-06-23 10:15:08'),(59,4832,'MEMBER','2025-06-15 10:15:08'),(59,5001,'MEMBER','2025-06-12 10:15:08'),(60,4598,'MANAGER','2025-06-07 10:15:08'),(60,4702,'MEMBER','2025-06-10 10:15:08'),(60,5053,'MEMBER','2025-06-21 10:15:08'),(60,5092,'MEMBER','2025-06-04 10:15:08'),(61,3013,'MEMBER','2025-06-07 10:15:08'),(61,3052,'MEMBER','2025-06-25 10:15:08'),(61,3169,'MEMBER','2025-06-13 10:15:08'),(61,4170,'MEMBER','2025-06-05 10:15:08'),(61,4248,'MANAGER','2025-06-18 10:15:08'),(61,4664,'MEMBER','2025-06-09 10:15:08'),(61,4716,'MEMBER','2025-06-23 10:15:08'),(62,3169,'MEMBER','2025-06-23 10:15:08'),(62,3273,'MEMBER','2025-06-24 10:15:08'),(62,3338,'MEMBER','2025-06-29 10:15:08'),(62,3559,'MEMBER','2025-06-26 10:15:08'),(62,3871,'MANAGER','2025-06-15 10:15:08'),(62,4521,'MEMBER','2025-06-05 10:15:08'),(62,4651,'MEMBER','2025-06-22 10:15:08'),(63,3065,'MANAGER','2025-06-28 10:15:08'),(63,3910,'MEMBER','2025-06-05 10:15:08'),(63,3975,'MEMBER','2025-06-06 10:15:08'),(63,4079,'MEMBER','2025-06-20 10:15:08'),(63,4326,'MEMBER','2025-06-04 10:15:08'),(64,3780,'MANAGER','2025-06-04 10:15:08'),(64,3832,'MEMBER','2025-06-19 10:15:08'),(64,4001,'MEMBER','2025-06-27 10:15:08'),(64,4209,'MEMBER','2025-06-13 10:15:08'),(64,4729,'MEMBER','2025-06-25 10:15:08'),(65,3039,'MEMBER','2025-06-07 10:15:08'),(65,3598,'MANAGER','2025-06-07 10:15:08'),(65,4001,'MEMBER','2025-06-24 10:15:08'),(65,4170,'MEMBER','2025-06-08 10:15:08'),(65,4196,'MEMBER','2025-06-16 10:15:08'),(66,4473,'MEMBER','2025-07-12 08:48:52'),(66,4486,'MANAGER','2025-07-12 08:48:52'),(85,3082,'MEMBER','2025-07-16 00:23:05'),(85,5130,'MANAGER','2025-07-16 00:23:05'),(92,3004,'MANAGER','2025-07-12 08:13:37'),(92,3030,'MEMBER','2025-07-12 08:13:37'),(92,4590,'MEMBER','2025-07-12 08:13:37'),(93,3004,'MANAGER','2025-07-12 08:32:47'),(93,3030,'MEMBER','2025-07-12 08:32:47'),(98,3056,'MEMBER','2025-07-14 12:57:53'),(98,3082,'MEMBER','2025-07-14 12:57:53'),(98,4948,'MANAGER','2025-07-14 12:57:53'),(98,5130,'MANAGER','2025-07-14 12:57:53'),(114,3004,'MEMBER','2025-07-15 10:51:07'),(114,3108,'MANAGER','2025-07-15 10:51:07'),(114,4950,'MANAGER','2025-07-15 10:51:07'),(115,5130,'MANAGER','2025-07-16 04:50:25'),(116,3004,'MEMBER','2025-07-16 14:22:45'),(116,3082,'MEMBER','2025-07-16 14:22:45'),(116,4950,'MANAGER','2025-07-16 14:22:45'),(116,5130,'MANAGER','2025-07-16 14:22:45'),(117,3004,'MEMBER','2025-07-19 07:03:58'),(117,3043,'MEMBER','2025-07-19 07:03:58'),(117,3056,'MEMBER','2025-07-19 07:03:58'),(117,4949,'MANAGER','2025-07-19 07:03:58'),(117,5130,'MANAGER','2025-07-19 07:03:58'),(119,3004,'MANAGER','2025-07-21 06:46:29'),(119,3030,'MEMBER','2025-07-21 06:46:29'),(119,3069,'MEMBER','2025-07-21 06:46:29'),(119,4950,'MEMBER','2025-07-21 06:46:29'),(119,5130,'MANAGER','2025-07-21 06:46:29'),(120,3004,'MANAGER','2025-07-21 06:48:35'),(120,3030,'MEMBER','2025-07-21 06:48:35'),(120,3069,'MEMBER','2025-07-21 06:48:35'),(120,4950,'MEMBER','2025-07-21 06:48:35'),(120,5130,'MANAGER','2025-07-21 06:48:35'),(123,5130,'MANAGER','2025-07-21 08:57:16'),(128,3043,'MEMBER','2025-07-24 08:36:30'),(128,5130,'MANAGER','2025-07-24 08:36:30'),(129,3056,'MEMBER','2025-07-24 14:05:22'),(129,5130,'MANAGER','2025-07-24 14:05:22'),(130,3004,'MEMBER','2025-07-25 00:25:08'),(130,3043,'MANAGER','2025-07-25 00:25:08'),(130,4946,'MANAGER','2025-07-25 00:25:08'),(131,3004,'MEMBER','2025-07-24 14:14:26'),(131,3043,'MANAGER','2025-07-24 14:14:26'),(131,5130,'MANAGER','2025-07-24 14:14:26'),(132,3056,'MEMBER','2025-07-25 00:44:53'),(132,3108,'MEMBER','2025-07-25 00:44:53'),(132,4949,'MANAGER','2025-07-25 00:44:53'),(132,5130,'MANAGER','2025-07-25 00:44:53');
/*!40000 ALTER TABLE `jobpost_role` ENABLE KEYS */;
UNLOCK TABLES;



--
-- Table structure for table `weight`
--

DROP TABLE IF EXISTS `weight`;
/*!40101 SET @saved_cs_client     = @@character_set_client */;
/*!50503 SET character_set_client = utf8mb4 */;
CREATE TABLE `weight` (
  `id` int NOT NULL AUTO_INCREMENT,
  `target_type` varchar(255) NOT NULL,
  `jobpost_id` int DEFAULT NULL,
  `field_name` varchar(255) NOT NULL,
  `weight_value` float DEFAULT NULL,
  `updated_at` timestamp NULL DEFAULT CURRENT_TIMESTAMP ON UPDATE CURRENT_TIMESTAMP,
  PRIMARY KEY (`id`),
  KEY `jobpost_id` (`jobpost_id`),
  CONSTRAINT `weight_ibfk_1` FOREIGN KEY (`jobpost_id`) REFERENCES `jobpost` (`id`)
) ENGINE=InnoDB AUTO_INCREMENT=875 DEFAULT CHARSET=utf8mb4 COLLATE=utf8mb4_0900_ai_ci;
/*!40101 SET character_set_client = @saved_cs_client */;

--
-- Dumping data for table `weight`
--

LOCK TABLES `weight` WRITE;
/*!40000 ALTER TABLE `weight` DISABLE KEYS */;
INSERT INTO `weight` VALUES (1,'resume_feature',1,'activity_award',1,'2025-07-07 05:54:54'),(2,'resume_feature',1,'age',0.95,'2025-07-07 05:54:54'),(3,'resume_feature',1,'cert_count',0.9,'2025-07-07 05:54:54'),(4,'resume_feature',1,'education_level',0.85,'2025-07-07 05:54:55'),(5,'resume_feature',1,'experience_year',0.8,'2025-07-07 05:54:55'),(6,'resume_feature',1,'project_count',0.75,'2025-07-07 05:54:55'),(7,'resume_feature',1,'skill_count',0.7,'2025-07-07 05:54:55'),(8,'resume_feature',2,'activity_award',1,'2025-07-07 05:54:55'),(9,'resume_feature',2,'age',0.95,'2025-07-07 05:54:55'),(10,'resume_feature',2,'cert_count',0.9,'2025-07-07 05:54:56'),(11,'resume_feature',2,'education_level',0.85,'2025-07-07 05:54:56'),(12,'resume_feature',2,'experience_year',0.8,'2025-07-07 05:54:56'),(13,'resume_feature',2,'project_count',0.75,'2025-07-07 05:54:56'),(14,'resume_feature',2,'skill_count',0.7,'2025-07-07 05:54:56'),(15,'resume_feature',3,'activity_award',1,'2025-07-07 05:54:57'),(16,'resume_feature',3,'age',0.95,'2025-07-07 05:54:57'),(17,'resume_feature',3,'cert_count',0.9,'2025-07-07 05:54:57'),(18,'resume_feature',3,'education_level',0.85,'2025-07-07 05:54:57'),(19,'resume_feature',3,'experience_year',0.8,'2025-07-07 05:54:57'),(20,'resume_feature',3,'project_count',0.75,'2025-07-07 05:54:57'),(21,'resume_feature',3,'skill_count',0.7,'2025-07-07 05:54:58'),(22,'resume_feature',4,'activity_award',1,'2025-07-07 05:54:58'),(23,'resume_feature',4,'age',0.95,'2025-07-07 05:54:58'),(24,'resume_feature',4,'cert_count',0.9,'2025-07-07 05:54:58'),(25,'resume_feature',4,'education_level',0.85,'2025-07-07 05:54:58'),(26,'resume_feature',4,'experience_year',0.8,'2025-07-07 05:54:59'),(27,'resume_feature',4,'project_count',0.75,'2025-07-07 05:54:59'),(28,'resume_feature',4,'skill_count',0.7,'2025-07-07 05:54:59'),(29,'resume_feature',5,'activity_award',1,'2025-07-07 05:54:59'),(30,'resume_feature',5,'age',0.95,'2025-07-07 05:54:59'),(31,'resume_feature',5,'cert_count',0.9,'2025-07-07 05:55:00'),(32,'resume_feature',5,'education_level',0.85,'2025-07-07 05:55:00'),(33,'resume_feature',5,'experience_year',0.8,'2025-07-07 05:55:00'),(34,'resume_feature',5,'project_count',0.75,'2025-07-07 05:55:00'),(35,'resume_feature',5,'skill_count',0.7,'2025-07-07 05:55:00'),(36,'resume_feature',6,'activity_award',1,'2025-07-07 05:55:01'),(37,'resume_feature',6,'age',0.95,'2025-07-07 05:55:01'),(38,'resume_feature',6,'cert_count',0.9,'2025-07-07 05:55:01'),(39,'resume_feature',6,'education_level',0.85,'2025-07-07 05:55:01'),(40,'resume_feature',6,'experience_year',0.8,'2025-07-07 05:55:01'),(41,'resume_feature',6,'project_count',0.75,'2025-07-07 05:55:02'),(42,'resume_feature',6,'skill_count',0.7,'2025-07-07 05:55:02'),(43,'resume_feature',7,'activity_award',1,'2025-07-07 05:55:02'),(44,'resume_feature',7,'age',0.95,'2025-07-07 05:55:02'),(45,'resume_feature',7,'cert_count',0.9,'2025-07-07 05:55:02'),(46,'resume_feature',7,'education_level',0.85,'2025-07-07 05:55:02'),(47,'resume_feature',7,'experience_year',0.8,'2025-07-07 05:55:03'),(48,'resume_feature',7,'project_count',0.75,'2025-07-07 05:55:03'),(49,'resume_feature',7,'skill_count',0.7,'2025-07-07 05:55:03'),(50,'resume_feature',8,'activity_award',1,'2025-07-07 05:55:03'),(51,'resume_feature',8,'age',0.95,'2025-07-07 05:55:03'),(52,'resume_feature',8,'cert_count',0.9,'2025-07-07 05:55:04'),(53,'resume_feature',8,'education_level',0.85,'2025-07-07 05:55:04'),(54,'resume_feature',8,'experience_year',0.8,'2025-07-07 05:55:04'),(55,'resume_feature',8,'project_count',0.75,'2025-07-07 05:55:04'),(56,'resume_feature',8,'skill_count',0.7,'2025-07-07 05:55:04'),(57,'resume_feature',9,'activity_award',1,'2025-07-07 05:55:04'),(58,'resume_feature',9,'age',0.95,'2025-07-07 05:55:05'),(59,'resume_feature',9,'cert_count',0.9,'2025-07-07 05:55:05'),(60,'resume_feature',9,'education_level',0.85,'2025-07-07 05:55:05'),(61,'resume_feature',9,'experience_year',0.8,'2025-07-07 05:55:05'),(62,'resume_feature',9,'project_count',0.75,'2025-07-07 05:55:05'),(63,'resume_feature',9,'skill_count',0.7,'2025-07-07 05:55:06'),(64,'resume_feature',10,'activity_award',1,'2025-07-07 05:55:06'),(65,'resume_feature',10,'age',0.95,'2025-07-07 05:55:06'),(66,'resume_feature',10,'cert_count',0.9,'2025-07-07 05:55:06'),(67,'resume_feature',10,'education_level',0.85,'2025-07-07 05:55:06'),(68,'resume_feature',10,'experience_year',0.8,'2025-07-07 05:55:07'),(69,'resume_feature',10,'project_count',0.75,'2025-07-07 05:55:07'),(70,'resume_feature',10,'skill_count',0.7,'2025-07-07 05:55:07'),(71,'resume_feature',11,'activity_award',1,'2025-07-07 05:55:07'),(72,'resume_feature',11,'age',0.95,'2025-07-07 05:55:07'),(73,'resume_feature',11,'cert_count',0.9,'2025-07-07 05:55:07'),(74,'resume_feature',11,'education_level',0.85,'2025-07-07 05:55:08'),(75,'resume_feature',11,'experience_year',0.8,'2025-07-07 05:55:08'),(76,'resume_feature',11,'project_count',0.75,'2025-07-07 05:55:08'),(77,'resume_feature',11,'skill_count',0.7,'2025-07-07 05:55:08'),(78,'resume_feature',12,'activity_award',1,'2025-07-07 05:55:08'),(79,'resume_feature',12,'age',0.95,'2025-07-07 05:55:09'),(80,'resume_feature',12,'cert_count',0.9,'2025-07-07 05:55:09'),(81,'resume_feature',12,'education_level',0.85,'2025-07-07 05:55:09'),(82,'resume_feature',12,'experience_year',0.8,'2025-07-07 05:55:09'),(83,'resume_feature',12,'project_count',0.75,'2025-07-07 05:55:09'),(84,'resume_feature',12,'skill_count',0.7,'2025-07-07 05:55:09'),(85,'resume_feature',13,'activity_award',1,'2025-07-07 05:55:10'),(86,'resume_feature',13,'age',0.95,'2025-07-07 05:55:10'),(87,'resume_feature',13,'cert_count',0.9,'2025-07-07 05:55:10'),(88,'resume_feature',13,'education_level',0.85,'2025-07-07 05:55:10'),(89,'resume_feature',13,'experience_year',0.8,'2025-07-07 05:55:10'),(90,'resume_feature',13,'project_count',0.75,'2025-07-07 05:55:11'),(91,'resume_feature',13,'skill_count',0.7,'2025-07-07 05:55:11'),(92,'resume_feature',14,'activity_award',1,'2025-07-07 05:55:11'),(93,'resume_feature',14,'age',0.95,'2025-07-07 05:55:11'),(94,'resume_feature',14,'cert_count',0.9,'2025-07-07 05:55:11'),(95,'resume_feature',14,'education_level',0.85,'2025-07-07 05:55:12'),(96,'resume_feature',14,'experience_year',0.8,'2025-07-07 05:55:12'),(97,'resume_feature',14,'project_count',0.75,'2025-07-07 05:55:12'),(98,'resume_feature',14,'skill_count',0.7,'2025-07-07 05:55:12'),(99,'resume_feature',15,'activity_award',1,'2025-07-07 05:55:12'),(100,'resume_feature',15,'age',0.95,'2025-07-07 05:55:12'),(101,'resume_feature',15,'cert_count',0.9,'2025-07-07 05:55:13'),(102,'resume_feature',15,'education_level',0.85,'2025-07-07 05:55:13'),(103,'resume_feature',15,'experience_year',0.8,'2025-07-07 05:55:13'),(104,'resume_feature',15,'project_count',0.75,'2025-07-07 05:55:13'),(105,'resume_feature',15,'skill_count',0.7,'2025-07-07 05:55:13'),(106,'resume_feature',16,'activity_award',1,'2025-07-07 05:55:14'),(107,'resume_feature',16,'age',0.95,'2025-07-07 05:55:14'),(108,'resume_feature',16,'cert_count',0.9,'2025-07-07 05:55:14'),(109,'resume_feature',16,'education_level',0.85,'2025-07-07 05:55:14'),(110,'resume_feature',16,'experience_year',0.8,'2025-07-07 05:55:14'),(111,'resume_feature',16,'project_count',0.75,'2025-07-07 05:55:15'),(112,'resume_feature',16,'skill_count',0.7,'2025-07-07 05:55:15'),(120,'resume_feature',18,'activity_award',1,'2025-07-07 05:55:16'),(121,'resume_feature',18,'age',0.95,'2025-07-07 05:55:16'),(122,'resume_feature',18,'cert_count',0.9,'2025-07-07 05:55:17'),(123,'resume_feature',18,'education_level',0.85,'2025-07-07 05:55:17'),(124,'resume_feature',18,'experience_year',0.8,'2025-07-07 05:55:17'),(125,'resume_feature',18,'project_count',0.75,'2025-07-07 05:55:17'),(126,'resume_feature',18,'skill_count',0.7,'2025-07-07 05:55:17'),(127,'resume_feature',19,'activity_award',1,'2025-07-07 05:55:18'),(128,'resume_feature',19,'age',0.95,'2025-07-07 05:55:18'),(129,'resume_feature',19,'cert_count',0.9,'2025-07-07 05:55:18'),(130,'resume_feature',19,'education_level',0.85,'2025-07-07 05:55:18'),(131,'resume_feature',19,'experience_year',0.8,'2025-07-07 05:55:18'),(132,'resume_feature',19,'project_count',0.75,'2025-07-07 05:55:19'),(133,'resume_feature',19,'skill_count',0.7,'2025-07-07 05:55:19'),(134,'resume_feature',20,'activity_award',1,'2025-07-07 05:55:19'),(135,'resume_feature',20,'age',0.95,'2025-07-07 05:55:19'),(136,'resume_feature',20,'cert_count',0.9,'2025-07-07 05:55:19'),(137,'resume_feature',20,'education_level',0.85,'2025-07-07 05:55:19'),(138,'resume_feature',20,'experience_year',0.8,'2025-07-07 05:55:20'),(139,'resume_feature',20,'project_count',0.75,'2025-07-07 05:55:20'),(140,'resume_feature',20,'skill_count',0.7,'2025-07-07 05:55:20'),(141,'resume_feature',21,'activity_award',1,'2025-07-07 05:55:20'),(142,'resume_feature',21,'age',0.95,'2025-07-07 05:55:20'),(143,'resume_feature',21,'cert_count',0.9,'2025-07-07 05:55:21'),(144,'resume_feature',21,'education_level',0.85,'2025-07-07 05:55:21'),(145,'resume_feature',21,'experience_year',0.8,'2025-07-07 05:55:21'),(146,'resume_feature',21,'project_count',0.75,'2025-07-07 05:55:21'),(147,'resume_feature',21,'skill_count',0.7,'2025-07-07 05:55:21'),(148,'resume_feature',22,'activity_award',1,'2025-07-07 05:55:21'),(149,'resume_feature',22,'age',0.95,'2025-07-07 05:55:22'),(150,'resume_feature',22,'cert_count',0.9,'2025-07-07 05:55:22'),(151,'resume_feature',22,'education_level',0.85,'2025-07-07 05:55:22'),(152,'resume_feature',22,'experience_year',0.8,'2025-07-07 05:55:22'),(153,'resume_feature',22,'project_count',0.75,'2025-07-07 05:55:22'),(154,'resume_feature',22,'skill_count',0.7,'2025-07-07 05:55:23'),(155,'resume_feature',23,'activity_award',1,'2025-07-07 05:55:23'),(156,'resume_feature',23,'age',0.95,'2025-07-07 05:55:23'),(157,'resume_feature',23,'cert_count',0.9,'2025-07-07 05:55:23'),(158,'resume_feature',23,'education_level',0.85,'2025-07-07 05:55:23'),(159,'resume_feature',23,'experience_year',0.8,'2025-07-07 05:55:23'),(160,'resume_feature',23,'project_count',0.75,'2025-07-07 05:55:24'),(161,'resume_feature',23,'skill_count',0.7,'2025-07-07 05:55:24'),(162,'resume_feature',24,'activity_award',1,'2025-07-07 05:55:24'),(163,'resume_feature',24,'age',0.95,'2025-07-07 05:55:24'),(164,'resume_feature',24,'cert_count',0.9,'2025-07-07 05:55:24'),(165,'resume_feature',24,'education_level',0.85,'2025-07-07 05:55:25'),(166,'resume_feature',24,'experience_year',0.8,'2025-07-07 05:55:25'),(167,'resume_feature',24,'project_count',0.75,'2025-07-07 05:55:25'),(168,'resume_feature',24,'skill_count',0.7,'2025-07-07 05:55:25'),(169,'resume_feature',25,'activity_award',1,'2025-07-07 05:55:25'),(170,'resume_feature',25,'age',0.95,'2025-07-07 05:55:26'),(171,'resume_feature',25,'cert_count',0.9,'2025-07-07 05:55:26'),(172,'resume_feature',25,'education_level',0.85,'2025-07-07 05:55:26'),(173,'resume_feature',25,'experience_year',0.8,'2025-07-07 05:55:26'),(174,'resume_feature',25,'project_count',0.75,'2025-07-07 05:55:26'),(175,'resume_feature',25,'skill_count',0.7,'2025-07-07 05:55:26'),(176,'resume_feature',26,'activity_award',1,'2025-07-07 05:55:27'),(177,'resume_feature',26,'age',0.95,'2025-07-07 05:55:27'),(178,'resume_feature',26,'cert_count',0.9,'2025-07-07 05:55:27'),(179,'resume_feature',26,'education_level',0.85,'2025-07-07 05:55:27'),(180,'resume_feature',26,'experience_year',0.8,'2025-07-07 05:55:27'),(181,'resume_feature',26,'project_count',0.75,'2025-07-07 05:55:28'),(182,'resume_feature',26,'skill_count',0.7,'2025-07-07 05:55:28'),(183,'resume_feature',27,'activity_award',1,'2025-07-07 05:55:28'),(184,'resume_feature',27,'age',0.95,'2025-07-07 05:55:28'),(185,'resume_feature',27,'cert_count',0.9,'2025-07-07 05:55:28'),(186,'resume_feature',27,'education_level',0.85,'2025-07-07 05:55:28'),(187,'resume_feature',27,'experience_year',0.8,'2025-07-07 05:55:29'),(188,'resume_feature',27,'project_count',0.75,'2025-07-07 05:55:29'),(189,'resume_feature',27,'skill_count',0.7,'2025-07-07 05:55:29'),(190,'resume_feature',28,'activity_award',1,'2025-07-07 05:55:29'),(191,'resume_feature',28,'age',0.95,'2025-07-07 05:55:29'),(192,'resume_feature',28,'cert_count',0.9,'2025-07-07 05:55:30'),(193,'resume_feature',28,'education_level',0.85,'2025-07-07 05:55:30'),(194,'resume_feature',28,'experience_year',0.8,'2025-07-07 05:55:30'),(195,'resume_feature',28,'project_count',0.75,'2025-07-07 05:55:30'),(196,'resume_feature',28,'skill_count',0.7,'2025-07-07 05:55:30'),(197,'resume_feature',29,'activity_award',1,'2025-07-07 05:55:30'),(198,'resume_feature',29,'age',0.95,'2025-07-07 05:55:31'),(199,'resume_feature',29,'cert_count',0.9,'2025-07-07 05:55:31'),(200,'resume_feature',29,'education_level',0.85,'2025-07-07 05:55:31'),(201,'resume_feature',29,'experience_year',0.8,'2025-07-07 05:55:31'),(202,'resume_feature',29,'project_count',0.75,'2025-07-07 05:55:31'),(203,'resume_feature',29,'skill_count',0.7,'2025-07-07 05:55:32'),(204,'resume_feature',30,'activity_award',1,'2025-07-07 05:55:32'),(205,'resume_feature',30,'age',0.95,'2025-07-07 05:55:32'),(206,'resume_feature',30,'cert_count',0.9,'2025-07-07 05:55:32'),(207,'resume_feature',30,'education_level',0.85,'2025-07-07 05:55:32'),(208,'resume_feature',30,'experience_year',0.8,'2025-07-07 05:55:33'),(209,'resume_feature',30,'project_count',0.75,'2025-07-07 05:55:33'),(210,'resume_feature',30,'skill_count',0.7,'2025-07-07 05:55:33'),(211,'resume_feature',31,'activity_award',1,'2025-07-07 05:55:33'),(212,'resume_feature',31,'age',0.95,'2025-07-07 05:55:33'),(213,'resume_feature',31,'cert_count',0.9,'2025-07-07 05:55:34'),(214,'resume_feature',31,'education_level',0.85,'2025-07-07 05:55:34'),(215,'resume_feature',31,'experience_year',0.8,'2025-07-07 05:55:34'),(216,'resume_feature',31,'project_count',0.75,'2025-07-07 05:55:34'),(217,'resume_feature',31,'skill_count',0.7,'2025-07-07 05:55:34'),(218,'resume_feature',32,'activity_award',1,'2025-07-07 05:55:34'),(219,'resume_feature',32,'age',0.95,'2025-07-07 05:55:35'),(220,'resume_feature',32,'cert_count',0.9,'2025-07-07 05:55:35'),(221,'resume_feature',32,'education_level',0.85,'2025-07-07 05:55:35'),(222,'resume_feature',32,'experience_year',0.8,'2025-07-07 05:55:35'),(223,'resume_feature',32,'project_count',0.75,'2025-07-07 05:55:35'),(224,'resume_feature',32,'skill_count',0.7,'2025-07-07 05:55:36'),(225,'resume_feature',33,'activity_award',1,'2025-07-07 05:55:36'),(226,'resume_feature',33,'age',0.95,'2025-07-07 05:55:36'),(227,'resume_feature',33,'cert_count',0.9,'2025-07-07 05:55:36'),(228,'resume_feature',33,'education_level',0.85,'2025-07-07 05:55:36'),(229,'resume_feature',33,'experience_year',0.8,'2025-07-07 05:55:36'),(230,'resume_feature',33,'project_count',0.75,'2025-07-07 05:55:37'),(231,'resume_feature',33,'skill_count',0.7,'2025-07-07 05:55:37'),(232,'resume_feature',34,'activity_award',1,'2025-07-07 05:55:37'),(233,'resume_feature',34,'age',0.95,'2025-07-07 05:55:37'),(234,'resume_feature',34,'cert_count',0.9,'2025-07-07 05:55:37'),(235,'resume_feature',34,'education_level',0.85,'2025-07-07 05:55:38'),(236,'resume_feature',34,'experience_year',0.8,'2025-07-07 05:55:38'),(237,'resume_feature',34,'project_count',0.75,'2025-07-07 05:55:38'),(238,'resume_feature',34,'skill_count',0.7,'2025-07-07 05:55:38'),(239,'resume_feature',35,'activity_award',1,'2025-07-07 05:55:38'),(240,'resume_feature',35,'age',0.95,'2025-07-07 05:55:39'),(241,'resume_feature',35,'cert_count',0.9,'2025-07-07 05:55:39'),(242,'resume_feature',35,'education_level',0.85,'2025-07-07 05:55:39'),(243,'resume_feature',35,'experience_year',0.8,'2025-07-07 05:55:39'),(244,'resume_feature',35,'project_count',0.75,'2025-07-07 05:55:39'),(245,'resume_feature',35,'skill_count',0.7,'2025-07-07 05:55:40'),(246,'resume_feature',36,'activity_award',1,'2025-07-07 05:55:40'),(247,'resume_feature',36,'age',0.95,'2025-07-07 05:55:40'),(248,'resume_feature',36,'cert_count',0.9,'2025-07-07 05:55:40'),(249,'resume_feature',36,'education_level',0.85,'2025-07-07 05:55:40'),(250,'resume_feature',36,'experience_year',0.8,'2025-07-07 05:55:40'),(251,'resume_feature',36,'project_count',0.75,'2025-07-07 05:55:41'),(252,'resume_feature',36,'skill_count',0.7,'2025-07-07 05:55:41'),(253,'resume_feature',37,'activity_award',1,'2025-07-07 05:55:41'),(254,'resume_feature',37,'age',0.95,'2025-07-07 05:55:41'),(255,'resume_feature',37,'cert_count',0.9,'2025-07-07 05:55:41'),(256,'resume_feature',37,'education_level',0.85,'2025-07-07 05:55:42'),(257,'resume_feature',37,'experience_year',0.8,'2025-07-07 05:55:42'),(258,'resume_feature',37,'project_count',0.75,'2025-07-07 05:55:42'),(259,'resume_feature',37,'skill_count',0.7,'2025-07-07 05:55:42'),(260,'resume_feature',38,'activity_award',1,'2025-07-07 05:55:42'),(261,'resume_feature',38,'age',0.95,'2025-07-07 05:55:43'),(262,'resume_feature',38,'cert_count',0.9,'2025-07-07 05:55:43'),(263,'resume_feature',38,'education_level',0.85,'2025-07-07 05:55:43'),(264,'resume_feature',38,'experience_year',0.8,'2025-07-07 05:55:43'),(265,'resume_feature',38,'project_count',0.75,'2025-07-07 05:55:43'),(266,'resume_feature',38,'skill_count',0.7,'2025-07-07 05:55:43'),(267,'resume_feature',39,'activity_award',1,'2025-07-07 05:55:44'),(268,'resume_feature',39,'age',0.95,'2025-07-07 05:55:44'),(269,'resume_feature',39,'cert_count',0.9,'2025-07-07 05:55:44'),(270,'resume_feature',39,'education_level',0.85,'2025-07-07 05:55:44'),(271,'resume_feature',39,'experience_year',0.8,'2025-07-07 05:55:44'),(272,'resume_feature',39,'project_count',0.75,'2025-07-07 05:55:45'),(273,'resume_feature',39,'skill_count',0.7,'2025-07-07 05:55:45'),(274,'resume_feature',40,'activity_award',1,'2025-07-07 05:55:45'),(275,'resume_feature',40,'age',0.95,'2025-07-07 05:55:45'),(276,'resume_feature',40,'cert_count',0.9,'2025-07-07 05:55:45'),(277,'resume_feature',40,'education_level',0.85,'2025-07-07 05:55:45'),(278,'resume_feature',40,'experience_year',0.8,'2025-07-07 05:55:46'),(279,'resume_feature',40,'project_count',0.75,'2025-07-07 05:55:46'),(280,'resume_feature',40,'skill_count',0.7,'2025-07-07 05:55:46'),(281,'resume_feature',41,'activity_award',1,'2025-07-07 05:55:46'),(282,'resume_feature',41,'age',0.95,'2025-07-07 05:55:46'),(283,'resume_feature',41,'cert_count',0.9,'2025-07-07 05:55:47'),(284,'resume_feature',41,'education_level',0.85,'2025-07-07 05:55:47'),(285,'resume_feature',41,'experience_year',0.8,'2025-07-07 05:55:47'),(286,'resume_feature',41,'project_count',0.75,'2025-07-07 05:55:47'),(287,'resume_feature',41,'skill_count',0.7,'2025-07-07 05:55:47'),(288,'resume_feature',42,'activity_award',1,'2025-07-07 05:55:47'),(289,'resume_feature',42,'age',0.95,'2025-07-07 05:55:48'),(290,'resume_feature',42,'cert_count',0.9,'2025-07-07 05:55:48'),(291,'resume_feature',42,'education_level',0.85,'2025-07-07 05:55:48'),(292,'resume_feature',42,'experience_year',0.8,'2025-07-07 05:55:48'),(293,'resume_feature',42,'project_count',0.75,'2025-07-07 05:55:48'),(294,'resume_feature',42,'skill_count',0.7,'2025-07-07 05:55:49'),(295,'resume_feature',43,'activity_award',1,'2025-07-07 05:55:49'),(296,'resume_feature',43,'age',0.95,'2025-07-07 05:55:49'),(297,'resume_feature',43,'cert_count',0.9,'2025-07-07 05:55:49'),(298,'resume_feature',43,'education_level',0.85,'2025-07-07 05:55:49'),(299,'resume_feature',43,'experience_year',0.8,'2025-07-07 05:55:49'),(300,'resume_feature',43,'project_count',0.75,'2025-07-07 05:55:50'),(301,'resume_feature',43,'skill_count',0.7,'2025-07-07 05:55:50'),(302,'resume_feature',44,'activity_award',1,'2025-07-07 05:55:50'),(303,'resume_feature',44,'age',0.95,'2025-07-07 05:55:50'),(304,'resume_feature',44,'cert_count',0.9,'2025-07-07 05:55:50'),(305,'resume_feature',44,'education_level',0.85,'2025-07-07 05:55:51'),(306,'resume_feature',44,'experience_year',0.8,'2025-07-07 05:55:51'),(307,'resume_feature',44,'project_count',0.75,'2025-07-07 05:55:51'),(308,'resume_feature',44,'skill_count',0.7,'2025-07-07 05:55:51'),(309,'resume_feature',45,'activity_award',1,'2025-07-07 05:55:51'),(310,'resume_feature',45,'age',0.95,'2025-07-07 05:55:51'),(311,'resume_feature',45,'cert_count',0.9,'2025-07-07 05:55:52'),(312,'resume_feature',45,'education_level',0.85,'2025-07-07 05:55:52'),(313,'resume_feature',45,'experience_year',0.8,'2025-07-07 05:55:52'),(314,'resume_feature',45,'project_count',0.75,'2025-07-07 05:55:52'),(315,'resume_feature',45,'skill_count',0.7,'2025-07-07 05:55:52'),(316,'resume_feature',46,'activity_award',1,'2025-07-07 05:55:53'),(317,'resume_feature',46,'age',0.95,'2025-07-07 05:55:53'),(318,'resume_feature',46,'cert_count',0.9,'2025-07-07 05:55:53'),(319,'resume_feature',46,'education_level',0.85,'2025-07-07 05:55:53'),(320,'resume_feature',46,'experience_year',0.8,'2025-07-07 05:55:53'),(321,'resume_feature',46,'project_count',0.75,'2025-07-07 05:55:53'),(322,'resume_feature',46,'skill_count',0.7,'2025-07-07 05:55:54'),(323,'resume_feature',47,'activity_award',1,'2025-07-07 05:55:54'),(324,'resume_feature',47,'age',0.95,'2025-07-07 05:55:54'),(325,'resume_feature',47,'cert_count',0.9,'2025-07-07 05:55:54'),(326,'resume_feature',47,'education_level',0.85,'2025-07-07 05:55:54'),(327,'resume_feature',47,'experience_year',0.8,'2025-07-07 05:55:55'),(328,'resume_feature',47,'project_count',0.75,'2025-07-07 05:55:55'),(329,'resume_feature',47,'skill_count',0.7,'2025-07-07 05:55:55'),(330,'resume_feature',48,'activity_award',1,'2025-07-07 05:55:55'),(331,'resume_feature',48,'age',0.95,'2025-07-07 05:55:55'),(332,'resume_feature',48,'cert_count',0.9,'2025-07-07 05:55:56'),(333,'resume_feature',48,'education_level',0.85,'2025-07-07 05:55:56'),(334,'resume_feature',48,'experience_year',0.8,'2025-07-07 05:55:56'),(335,'resume_feature',48,'project_count',0.75,'2025-07-07 05:55:56'),(336,'resume_feature',48,'skill_count',0.7,'2025-07-07 05:55:56'),(337,'resume_feature',49,'activity_award',1,'2025-07-07 05:55:56'),(338,'resume_feature',49,'age',0.95,'2025-07-07 05:55:57'),(339,'resume_feature',49,'cert_count',0.9,'2025-07-07 05:55:57'),(340,'resume_feature',49,'education_level',0.85,'2025-07-07 05:55:57'),(341,'resume_feature',49,'experience_year',0.8,'2025-07-07 05:55:57'),(342,'resume_feature',49,'project_count',0.75,'2025-07-07 05:55:57'),(343,'resume_feature',49,'skill_count',0.7,'2025-07-07 05:55:58'),(344,'resume_feature',50,'activity_award',1,'2025-07-07 05:55:58'),(345,'resume_feature',50,'age',0.95,'2025-07-07 05:55:58'),(346,'resume_feature',50,'cert_count',0.9,'2025-07-07 05:55:58'),(347,'resume_feature',50,'education_level',0.85,'2025-07-07 05:55:58'),(348,'resume_feature',50,'experience_year',0.8,'2025-07-07 05:55:58'),(349,'resume_feature',50,'project_count',0.75,'2025-07-07 05:55:59'),(350,'resume_feature',50,'skill_count',0.7,'2025-07-07 05:55:59'),(351,'resume_feature',51,'activity_award',1,'2025-07-07 05:55:59'),(352,'resume_feature',51,'age',0.95,'2025-07-07 05:55:59'),(353,'resume_feature',51,'cert_count',0.9,'2025-07-07 05:55:59'),(354,'resume_feature',51,'education_level',0.85,'2025-07-07 05:56:00'),(355,'resume_feature',51,'experience_year',0.8,'2025-07-07 05:56:00'),(356,'resume_feature',51,'project_count',0.75,'2025-07-07 05:56:00'),(357,'resume_feature',51,'skill_count',0.7,'2025-07-07 05:56:00'),(358,'resume_feature',52,'activity_award',1,'2025-07-07 05:56:00'),(359,'resume_feature',52,'age',0.95,'2025-07-07 05:56:01'),(360,'resume_feature',52,'cert_count',0.9,'2025-07-07 05:56:01'),(361,'resume_feature',52,'education_level',0.85,'2025-07-07 05:56:01'),(362,'resume_feature',52,'experience_year',0.8,'2025-07-07 05:56:01'),(363,'resume_feature',52,'project_count',0.75,'2025-07-07 05:56:01'),(364,'resume_feature',52,'skill_count',0.7,'2025-07-07 05:56:01'),(365,'resume_feature',53,'activity_award',1,'2025-07-07 05:56:02'),(366,'resume_feature',53,'age',0.95,'2025-07-07 05:56:02'),(367,'resume_feature',53,'cert_count',0.9,'2025-07-07 05:56:02'),(368,'resume_feature',53,'education_level',0.85,'2025-07-07 05:56:02'),(369,'resume_feature',53,'experience_year',0.8,'2025-07-07 05:56:02'),(370,'resume_feature',53,'project_count',0.75,'2025-07-07 05:56:03'),(371,'resume_feature',53,'skill_count',0.7,'2025-07-07 05:56:03'),(372,'resume_feature',54,'activity_award',1,'2025-07-07 05:56:03'),(373,'resume_feature',54,'age',0.95,'2025-07-07 05:56:03'),(374,'resume_feature',54,'cert_count',0.9,'2025-07-07 05:56:03'),(375,'resume_feature',54,'education_level',0.85,'2025-07-07 05:56:04'),(376,'resume_feature',54,'experience_year',0.8,'2025-07-07 05:56:04'),(377,'resume_feature',54,'project_count',0.75,'2025-07-07 05:56:04'),(378,'resume_feature',54,'skill_count',0.7,'2025-07-07 05:56:04'),(379,'resume_feature',55,'activity_award',1,'2025-07-07 05:56:04'),(380,'resume_feature',55,'age',0.95,'2025-07-07 05:56:04'),(381,'resume_feature',55,'cert_count',0.9,'2025-07-07 05:56:05'),(382,'resume_feature',55,'education_level',0.85,'2025-07-07 05:56:05'),(383,'resume_feature',55,'experience_year',0.8,'2025-07-07 05:56:05'),(384,'resume_feature',55,'project_count',0.75,'2025-07-07 05:56:05'),(385,'resume_feature',55,'skill_count',0.7,'2025-07-07 05:56:05'),(386,'resume_feature',56,'activity_award',1,'2025-07-07 05:56:06'),(387,'resume_feature',56,'age',0.95,'2025-07-07 05:56:06'),(388,'resume_feature',56,'cert_count',0.9,'2025-07-07 05:56:06'),(389,'resume_feature',56,'education_level',0.85,'2025-07-07 05:56:06'),(390,'resume_feature',56,'experience_year',0.8,'2025-07-07 05:56:06'),(391,'resume_feature',56,'project_count',0.75,'2025-07-07 05:56:07'),(392,'resume_feature',56,'skill_count',0.7,'2025-07-07 05:56:07'),(393,'resume_feature',57,'activity_award',1,'2025-07-07 05:56:07'),(394,'resume_feature',57,'age',0.95,'2025-07-07 05:56:07'),(395,'resume_feature',57,'cert_count',0.9,'2025-07-07 05:56:07'),(396,'resume_feature',57,'education_level',0.85,'2025-07-07 05:56:07'),(397,'resume_feature',57,'experience_year',0.8,'2025-07-07 05:56:08'),(398,'resume_feature',57,'project_count',0.75,'2025-07-07 05:56:08'),(399,'resume_feature',57,'skill_count',0.7,'2025-07-07 05:56:08'),(400,'resume_feature',58,'activity_award',1,'2025-07-07 05:56:08'),(401,'resume_feature',58,'age',0.95,'2025-07-07 05:56:08'),(402,'resume_feature',58,'cert_count',0.9,'2025-07-07 05:56:09'),(403,'resume_feature',58,'education_level',0.85,'2025-07-07 05:56:09'),(404,'resume_feature',58,'experience_year',0.8,'2025-07-07 05:56:09'),(405,'resume_feature',58,'project_count',0.75,'2025-07-07 05:56:09'),(406,'resume_feature',58,'skill_count',0.7,'2025-07-07 05:56:09'),(407,'resume_feature',59,'activity_award',1,'2025-07-07 05:56:10'),(408,'resume_feature',59,'age',0.95,'2025-07-07 05:56:10'),(409,'resume_feature',59,'cert_count',0.9,'2025-07-07 05:56:10'),(410,'resume_feature',59,'education_level',0.85,'2025-07-07 05:56:10'),(411,'resume_feature',59,'experience_year',0.8,'2025-07-07 05:56:10'),(412,'resume_feature',59,'project_count',0.75,'2025-07-07 05:56:11'),(413,'resume_feature',59,'skill_count',0.7,'2025-07-07 05:56:11'),(414,'resume_feature',60,'activity_award',1,'2025-07-07 05:56:11'),(415,'resume_feature',60,'age',0.95,'2025-07-07 05:56:11'),(416,'resume_feature',60,'cert_count',0.9,'2025-07-07 05:56:11'),(417,'resume_feature',60,'education_level',0.85,'2025-07-07 05:56:11'),(418,'resume_feature',60,'experience_year',0.8,'2025-07-07 05:56:12'),(419,'resume_feature',60,'project_count',0.75,'2025-07-07 05:56:12'),(420,'resume_feature',60,'skill_count',0.7,'2025-07-07 05:56:12'),(421,'resume_feature',61,'activity_award',1,'2025-07-07 05:56:12'),(422,'resume_feature',61,'age',0.95,'2025-07-07 05:56:12'),(423,'resume_feature',61,'cert_count',0.9,'2025-07-07 05:56:13'),(424,'resume_feature',61,'education_level',0.85,'2025-07-07 05:56:13'),(425,'resume_feature',61,'experience_year',0.8,'2025-07-07 05:56:13'),(426,'resume_feature',61,'project_count',0.75,'2025-07-07 05:56:13'),(427,'resume_feature',61,'skill_count',0.7,'2025-07-07 05:56:13'),(428,'resume_feature',62,'activity_award',1,'2025-07-07 05:56:14'),(429,'resume_feature',62,'age',0.95,'2025-07-07 05:56:14'),(430,'resume_feature',62,'cert_count',0.9,'2025-07-07 05:56:14'),(431,'resume_feature',62,'education_level',0.85,'2025-07-07 05:56:14'),(432,'resume_feature',62,'experience_year',0.8,'2025-07-07 05:56:14'),(433,'resume_feature',62,'project_count',0.75,'2025-07-07 05:56:14'),(434,'resume_feature',62,'skill_count',0.7,'2025-07-07 05:56:15'),(435,'resume_feature',63,'activity_award',1,'2025-07-07 05:56:15'),(436,'resume_feature',63,'age',0.95,'2025-07-07 05:56:15'),(437,'resume_feature',63,'cert_count',0.9,'2025-07-07 05:56:15'),(438,'resume_feature',63,'education_level',0.85,'2025-07-07 05:56:15'),(439,'resume_feature',63,'experience_year',0.8,'2025-07-07 05:56:16'),(440,'resume_feature',63,'project_count',0.75,'2025-07-07 05:56:16'),(441,'resume_feature',63,'skill_count',0.7,'2025-07-07 05:56:16'),(442,'resume_feature',64,'activity_award',1,'2025-07-07 05:56:16'),(443,'resume_feature',64,'age',0.95,'2025-07-07 05:56:16'),(444,'resume_feature',64,'cert_count',0.9,'2025-07-07 05:56:16'),(445,'resume_feature',64,'education_level',0.85,'2025-07-07 05:56:17'),(446,'resume_feature',64,'experience_year',0.8,'2025-07-07 05:56:17'),(447,'resume_feature',64,'project_count',0.75,'2025-07-07 05:56:17'),(448,'resume_feature',64,'skill_count',0.7,'2025-07-07 05:56:17'),(449,'resume_feature',65,'activity_award',1,'2025-07-07 05:56:17'),(450,'resume_feature',65,'age',0.95,'2025-07-07 05:56:18'),(451,'resume_feature',65,'cert_count',0.9,'2025-07-07 05:56:18'),(452,'resume_feature',65,'education_level',0.85,'2025-07-07 05:56:18'),(453,'resume_feature',65,'experience_year',0.8,'2025-07-07 05:56:18'),(454,'resume_feature',65,'project_count',0.75,'2025-07-07 05:56:18'),(455,'resume_feature',65,'skill_count',0.7,'2025-07-07 05:56:19'),(522,'resume_feature',90,'학력',0.1,'2025-07-12 02:02:46'),(523,'resume_feature',90,'경력',0.2,'2025-07-12 02:02:46'),(524,'resume_feature',90,'자격증',0.3,'2025-07-12 02:02:46'),(525,'resume_feature',90,'기술스택',0.4,'2025-07-12 02:02:46'),(526,'resume_feature',90,'프로젝트 경험',0.5,'2025-07-12 02:02:46'),(552,'resume_feature',92,'학력',0.7,'2025-07-12 08:13:42'),(553,'resume_feature',92,'경력',0.9,'2025-07-12 08:13:42'),(554,'resume_feature',92,'기술스택',0.8,'2025-07-12 08:13:42'),(555,'resume_feature',92,'프로젝트 경험',0.8,'2025-07-12 08:13:43'),(556,'resume_feature',92,'자격증',0.6,'2025-07-12 08:13:43'),(557,'resume_feature',93,'학력',0.7,'2025-07-12 08:32:52'),(558,'resume_feature',93,'경력',0.9,'2025-07-12 08:32:52'),(559,'resume_feature',93,'기술스택',0.8,'2025-07-12 08:32:52'),(560,'resume_feature',93,'프로젝트 경험',0.8,'2025-07-12 08:32:52'),(561,'resume_feature',93,'자격증',0.6,'2025-07-12 08:32:53'),(572,'resume_feature',66,'학력',0.9,'2025-07-12 08:48:57'),(573,'resume_feature',66,'경력',0.8,'2025-07-12 08:48:57'),(574,'resume_feature',66,'다양한 기술 능력',1,'2025-07-12 08:48:58'),(575,'resume_feature',66,'자기주도성',0.7,'2025-07-12 08:48:58'),(576,'resume_feature',66,'문제 해결 능력',0.8,'2025-07-12 08:48:58'),(612,'resume_feature',17,'PM 경력',1,'2025-07-14 03:08:38'),(613,'resume_feature',17,'정보처리기사 자격증',0.9,'2025-07-14 03:08:39'),(614,'resume_feature',17,'SI/SM 프로젝트 경험',0.8,'2025-07-14 03:08:39'),(615,'resume_feature',17,'공공기관 SI 프로젝트 수행 경험',0.8,'2025-07-14 03:08:40'),(616,'resume_feature',17,'요구사항 분석 및 산출물 관리 능력',0.7,'2025-07-14 03:08:40'),(617,'resume_feature',94,'푸드파이터 대회 참여 경험',1,'2025-07-14 06:51:47'),(618,'resume_feature',94,'밥 기본 세공기 이상',0.9,'2025-07-14 06:51:48'),(619,'resume_feature',94,'밥 먹는 능력',0.8,'2025-07-14 06:51:48'),(620,'resume_feature',94,'팀워크 및 협업 능력',0.7,'2025-07-14 06:51:48'),(621,'resume_feature',94,'적극적인 태도',0.6,'2025-07-14 06:51:49'),(627,'resume_feature',98,'학력',0.7,'2025-07-14 12:57:50'),(628,'resume_feature',98,'경력',0.9,'2025-07-14 12:57:51'),(629,'resume_feature',98,'자격증',0.6,'2025-07-14 12:57:51'),(630,'resume_feature',98,'기술스택',0.8,'2025-07-14 12:57:51'),(631,'resume_feature',98,'프로젝트 경험',0.8,'2025-07-14 12:57:51'),(729,'resume_feature',114,'경력',0.9,'2025-07-15 10:51:10'),(730,'resume_feature',114,'코딩 능력',0.8,'2025-07-15 10:51:10'),(731,'resume_feature',114,'열정',0.7,'2025-07-15 10:51:10'),(732,'resume_feature',114,'소리 알림 설정 경험',0.6,'2025-07-15 10:51:10'),(733,'resume_feature',114,'인성/소프트스킬',0.5,'2025-07-15 10:51:11'),(734,'resume_feature',85,'귀가 경험',0.9,'2025-07-16 00:23:10'),(735,'resume_feature',85,'막차 이용 경험',0.8,'2025-07-16 00:23:11'),(736,'resume_feature',85,'거주지 거리',0.7,'2025-07-16 00:23:11'),(737,'resume_feature',85,'근무 태도',0.6,'2025-07-16 00:23:11'),(738,'resume_feature',85,'지역 주민 여부',0.5,'2025-07-16 00:23:11'),(744,'resume_feature',115,'PM 경력',1,'2025-07-16 04:50:26'),(745,'resume_feature',115,'정보처리기사 자격증',0.9,'2025-07-16 04:50:27'),(746,'resume_feature',115,'SI/SM 프로젝트 경험',0.8,'2025-07-16 04:50:27'),(747,'resume_feature',115,'공공기관 SI 프로젝트 수행 경험',0.8,'2025-07-16 04:50:27'),(748,'resume_feature',115,'요구사항 분석 및 산출물 관리 능력',0.7,'2025-07-16 04:50:28'),(749,'resume_feature',116,'학력',0.8,'2025-07-16 14:22:47'),(750,'resume_feature',116,'경력',0.9,'2025-07-16 14:22:48'),(751,'resume_feature',116,'기술스택',0.9,'2025-07-16 14:22:48'),(752,'resume_feature',116,'프로젝트 경험',0.8,'2025-07-16 14:22:48'),(753,'resume_feature',116,'자격증',0.6,'2025-07-16 14:22:48'),(754,'resume_feature',116,'인성/소프트스킬',0.5,'2025-07-16 14:22:48'),(755,'resume_feature',117,'AI 및 머신러닝 관련 프로젝트 경험',1,'2025-07-19 07:03:56'),(756,'resume_feature',117,'Python 및 TensorFlow, PyTorch 사용 경험',0.9,'2025-07-19 07:03:56'),(757,'resume_feature',117,'알고리즘 설계 및 구현 능력',0.8,'2025-07-19 07:03:56'),(758,'resume_feature',117,'데이터 처리 및 분석 능력',0.7,'2025-07-19 07:03:56'),(759,'resume_feature',117,'팀 내 협업 및 프로젝트 관리 능력',0.6,'2025-07-19 07:03:56'),(765,'resume_feature',119,'Java 또는 Python 개발 경험',1,'2025-07-21 06:46:24'),(766,'resume_feature',119,'Git 사용 경험',0.9,'2025-07-21 06:46:25'),(767,'resume_feature',119,'백엔드 개발 경험',0.8,'2025-07-21 06:46:25'),(768,'resume_feature',119,'시스템 설계 및 구현 능력',0.7,'2025-07-21 06:46:25'),(769,'resume_feature',119,'팀 협업 및 커뮤니케이션 능력',0.6,'2025-07-21 06:46:26'),(770,'resume_feature',120,'Java 또는 Python 개발 경험',1,'2025-07-21 06:48:31'),(771,'resume_feature',120,'Git 사용 경험',0.9,'2025-07-21 06:48:31'),(772,'resume_feature',120,'백엔드 개발 경험',0.8,'2025-07-21 06:48:31'),(773,'resume_feature',120,'시스템 설계 및 구현 능력',0.7,'2025-07-21 06:48:32'),(774,'resume_feature',120,'팀 협업 및 커뮤니케이션 능력',0.6,'2025-07-21 06:48:32'),(785,'resume_feature',123,'JavaScript, HTML, CSS에 대한 깊은 이해와 경험',1,'2025-07-21 08:57:13'),(786,'resume_feature',123,'React 또는 Vue.js 프레임워크 사용 경험',0.9,'2025-07-21 08:57:14'),(787,'resume_feature',123,'Git 및 버전 관리 시스템에 대한 이해',0.8,'2025-07-21 08:57:14'),(788,'resume_feature',123,'팀 협업 능력',0.7,'2025-07-21 08:57:14'),(789,'resume_feature',123,'문제 해결 능력',0.7,'2025-07-21 08:57:14'),(830,'resume_feature',128,'JavaScript, HTML, CSS에 대한 깊은 이해와 경험',1,'2025-07-24 08:36:28'),(831,'resume_feature',128,'React 또는 Vue.js 프레임워크 사용 경험',0.9,'2025-07-24 08:36:28'),(832,'resume_feature',128,'Git 및 버전 관리 시스템에 대한 이해',0.8,'2025-07-24 08:36:28'),(833,'resume_feature',128,'프론트엔드 웹 애플리케이션 개발 및 유지보수 경험',0.8,'2025-07-24 08:36:28'),(834,'resume_feature',128,'팀워크 및 커뮤니케이션 능력',0.7,'2025-07-24 08:36:28'),(845,'resume_feature',129,'웹 프론트엔드 개발 경험',1,'2025-07-24 14:05:23'),(846,'resume_feature',129,'HTML, CSS, JavaScript 숙련도',0.9,'2025-07-24 14:05:23'),(847,'resume_feature',129,'React 또는 Vue.js 숙련도',0.8,'2025-07-24 14:05:23'),(848,'resume_feature',129,'Git 사용 경험',0.7,'2025-07-24 14:05:23'),(849,'resume_feature',129,'협업 및 커뮤니케이션 능력',0.6,'2025-07-24 14:05:23'),(855,'resume_feature',131,'웹 애플리케이션 개발 경험',1,'2025-07-24 14:14:23'),(856,'resume_feature',131,'JavaScript, HTML, CSS, Node.js, React 또는 Vue.js 경험',0.9,'2025-07-24 14:14:23'),(857,'resume_feature',131,'Git 및 CI/CD 도구 사용 경험',0.8,'2025-07-24 14:14:23'),(858,'resume_feature',131,'컴퓨터 공학 또는 관련 분야 학사 이상',0.7,'2025-07-24 14:14:24'),(859,'resume_feature',131,'팀원과의 협업 능력',0.6,'2025-07-24 14:14:24'),(860,'resume_feature',130,'프로그래밍 언어(Java, Python, Node.js) 숙련',1,'2025-07-25 00:25:08'),(861,'resume_feature',130,'RESTful API 설계 및 개발 경험',0.9,'2025-07-25 00:25:08'),(862,'resume_feature',130,'데이터베이스(MySQL, PostgreSQL 등) 사용 경험',0.8,'2025-07-25 00:25:09'),(863,'resume_feature',130,'Git 및 버전 관리 시스템 이해',0.7,'2025-07-25 00:25:09'),(864,'resume_feature',130,'팀과의 협업을 통한 프로젝트 진행 경험',0.6,'2025-07-25 00:25:09'),(870,'resume_feature',132,'양자 컴퓨터 관련 전공 석사 이상',1,'2025-07-25 00:44:53'),(871,'resume_feature',132,'양자 알고리즘 및 프로그래밍 경험',0.9,'2025-07-25 00:44:54'),(872,'resume_feature',132,'C++, Python, Qiskit 등 관련 언어 및 툴 사용 능력',0.8,'2025-07-25 00:44:54'),(873,'resume_feature',132,'양자 컴퓨터 알고리즘 개발 및 최적화 경험',0.8,'2025-07-25 00:44:54'),(874,'resume_feature',132,'팀 협업 및 프로젝트 관리 능력',0.7,'2025-07-25 00:44:54');
/*!40000 ALTER TABLE `weight` ENABLE KEYS */;
UNLOCK TABLES;


