-- MySQL dump 10.13  Distrib 8.0.19, for Win64 (x86_64)
--
-- Host: localhost    Database: kocruit
-- ------------------------------------------------------
-- Server version	8.0.43

/*!40101 SET @OLD_CHARACTER_SET_CLIENT=@@CHARACTER_SET_CLIENT */;
/*!40101 SET @OLD_CHARACTER_SET_RESULTS=@@CHARACTER_SET_RESULTS */;
/*!40101 SET @OLD_COLLATION_CONNECTION=@@COLLATION_CONNECTION */;
/*!50503 SET NAMES utf8mb4 */;
/*!40103 SET @OLD_TIME_ZONE=@@TIME_ZONE */;
/*!40103 SET TIME_ZONE='+00:00' */;
/*!40014 SET @OLD_UNIQUE_CHECKS=@@UNIQUE_CHECKS, UNIQUE_CHECKS=0 */;
/*!40014 SET @OLD_FOREIGN_KEY_CHECKS=@@FOREIGN_KEY_CHECKS, FOREIGN_KEY_CHECKS=0 */;
/*!40101 SET @OLD_SQL_MODE=@@SQL_MODE, SQL_MODE='NO_AUTO_VALUE_ON_ZERO' */;
/*!40111 SET @OLD_SQL_NOTES=@@SQL_NOTES, SQL_NOTES=0 */;

--
-- Table structure for table `schedule`
--

DROP TABLE IF EXISTS `schedule`;
/*!40101 SET @saved_cs_client     = @@character_set_client */;
/*!50503 SET character_set_client = utf8mb4 */;
CREATE TABLE `schedule` (
  `id` int NOT NULL AUTO_INCREMENT,
  `schedule_type` varchar(255) DEFAULT NULL,
  `user_id` int DEFAULT NULL,
  `title` varchar(255) DEFAULT NULL,
  `description` text,
  `location` varchar(255) DEFAULT NULL,
  `scheduled_at` timestamp NULL DEFAULT NULL,
  `created_at` timestamp NULL DEFAULT CURRENT_TIMESTAMP,
  `updated_at` timestamp NULL DEFAULT CURRENT_TIMESTAMP ON UPDATE CURRENT_TIMESTAMP,
  `status` varchar(255) DEFAULT NULL,
  `job_post_id` int DEFAULT NULL,
  PRIMARY KEY (`id`),
  KEY `user_id` (`user_id`),
  KEY `job_post_id` (`job_post_id`),
  CONSTRAINT `schedule_ibfk_1` FOREIGN KEY (`user_id`) REFERENCES `company_user` (`id`),
  CONSTRAINT `schedule_ibfk_2` FOREIGN KEY (`job_post_id`) REFERENCES `jobpost` (`id`)
) ENGINE=InnoDB AUTO_INCREMENT=164 DEFAULT CHARSET=utf8mb4 COLLATE=utf8mb4_0900_ai_ci;
/*!40101 SET character_set_client = @saved_cs_client */;

--
-- Dumping data for table `schedule`
--

LOCK TABLES `schedule` WRITE;
/*!40000 ALTER TABLE `schedule` DISABLE KEYS */;

INSERT INTO `schedule` VALUES (11,'interview',5130,'곧 공고들 다 정리 하겠습니다...2','','2장소','2025-07-05 04:01:00','2025-07-12 02:02:48','2025-07-12 02:02:48','',90),(17,'interview',5130,'jobpost_role 테스트','','ㅁㄴㅇㄹㅁㄴㄹ','2025-07-13 03:02:00','2025-07-12 08:13:39','2025-07-12 08:13:39','',92),(18,'interview',5130,'jobpost_role 테스트','','ㅁㄴㅇㄹㅁㄴㄹ','2025-07-13 03:02:00','2025-07-12 08:32:49','2025-07-12 08:32:49','',93),(19,'interview',5130,'jobpost_role 테스트','','eeeeee','2025-07-16 23:11:00','2025-07-12 08:32:49','2025-07-12 08:32:49','',93),(23,'interview',5130,'예시 공고 남바 완','','남바완','2025-07-19 01:01:00','2025-07-12 08:48:54','2025-07-12 08:48:54','',66),(54,'interview',5130,'공공기관 IT사업 PM/PL 모집','','11층 회의실','2025-08-13 11:11:00','2025-07-14 03:08:45','2025-07-14 03:08:45','',17),(55,'interview',5130,'공공기관 IT사업 PM/PL 모집','','10층 회의실','2025-08-14 10:10:00','2025-07-14 03:08:46','2025-07-14 03:08:46','',17),(56,'interview',5130,'밥 먹기 장인','','밥집','2025-07-20 01:00:00','2025-07-14 06:51:41','2025-07-14 06:51:41','',94),(60,'interview',5130,'알림 테스트','','5004호','2025-07-21 02:02:00','2025-07-14 12:57:46','2025-07-14 12:57:46','',98),(107,'interview',3108,'알림 테스트 6','','알림장소1','2025-07-26 05:05:00','2025-07-15 10:51:15','2025-07-15 10:51:15','',114),(108,'interview',3108,'알림 테스트 6','','알림장소2','2025-07-28 07:07:00','2025-07-15 10:51:17','2025-07-15 10:51:17','',114),(109,'interview',5130,'(테스트2) 집 자기 전문가 모집','','면접관 집','2025-07-12 03:02:00','2025-07-16 00:23:15','2025-07-16 00:23:15','',85),(110,'INTERVIEW',3108,'17번 공고 그룹면접 1','17번 공고 그룹면접 1차','16층 면접실','2025-07-20 10:00:00','2025-07-16 02:05:33','2025-07-16 02:05:33','SCHEDULED',17),(111,'INTERVIEW',3108,'17번 공고 그룹면접 2','17번 공고 그룹면접 2차','16층 면접실','2025-07-20 11:00:00','2025-07-16 02:05:33','2025-07-16 02:05:33','SCHEDULED',17),(112,'INTERVIEW',3108,'17번 공고 그룹면접 3','17번 공고 그룹면접 3차','16층 면접실','2025-07-20 12:00:00','2025-07-16 02:05:33','2025-07-16 02:05:33','SCHEDULED',17),(113,'INTERVIEW',3004,'17번 공고 그룹면접 4','17번 공고 그룹면접 4차','16층 면접실','2025-07-20 13:00:00','2025-07-16 02:05:33','2025-07-17 07:06:30','SCHEDULED',17),(114,'INTERVIEW',3004,'17번 공고 그룹면접 5','17번 공고 그룹면접 5차','16층 면접실','2025-07-20 14:00:00','2025-07-16 02:05:33','2025-07-17 07:06:31','SCHEDULED',17),(115,'INTERVIEW',3004,'17번 공고 그룹면접 6','17번 공고 그룹면접 6차','16층 면접실','2025-07-20 15:00:00','2025-07-16 02:05:33','2025-07-17 07:06:32','SCHEDULED',17),(116,'INTERVIEW',3043,'17번 공고 그룹면접 7','17번 공고 그룹면접 7차','16층 면접실','2025-07-20 16:00:00','2025-07-16 02:05:33','2025-07-17 07:06:32','SCHEDULED',17),(117,'INTERVIEW',3043,'17번 공고 그룹면접 8','17번 공고 그룹면접 8차','16층 면접실','2025-07-20 17:00:00','2025-07-16 02:05:33','2025-07-17 07:06:33','SCHEDULED',17),(118,'INTERVIEW',3043,'17번 공고 그룹면접 9','17번 공고 그룹면접 9차','16층 면접실','2025-07-20 18:00:00','2025-07-16 02:05:33','2025-07-17 07:06:33','SCHEDULED',17),(119,'INTERVIEW',3056,'17번 공고 그룹면접 10','17번 공고 그룹면접 10차','16층 면접실','2025-07-20 19:00:00','2025-07-16 02:05:33','2025-07-17 07:06:34','SCHEDULED',17),(120,'INTERVIEW',3056,'17번 공고 그룹면접 11','17번 공고 그룹면접 11차','16층 면접실','2025-07-20 20:00:00','2025-07-16 02:05:33','2025-07-17 07:06:34','SCHEDULED',17),(121,'INTERVIEW',3056,'17번 공고 그룹면접 12','17번 공고 그룹면접 12차','16층 면접실','2025-07-20 21:00:00','2025-07-16 02:05:33','2025-07-17 07:06:35','SCHEDULED',17),(122,'INTERVIEW',3056,'17번 공고 그룹면접 13','17번 공고 그룹면접 13차','16층 면접실','2025-07-20 22:00:00','2025-07-16 02:05:33','2025-07-17 07:06:35','SCHEDULED',17),(124,'interview',5130,'테스트용 채용공고','','회사 3층 회의실','2025-07-25 14:00:00','2025-07-16 04:50:33','2025-07-24 07:47:08','',115),(125,'interview',5130,'LLM 개발자 채용 공고','','회사 1층 회의실','2025-08-07 14:00:00','2025-07-16 14:22:34','2025-07-16 14:22:34','',116),(126,'interview',5130,'LLM 개발자 채용 공고','','회사 2층 회의실','2025-08-11 14:00:00','2025-07-16 14:22:34','2025-07-16 14:22:34','',116),(127,'interview',5130,'AI 에이전트 개발자 채용','','회사 3층 회의실','2025-08-10 14:00:00','2025-07-19 07:03:41','2025-07-19 07:03:41','',117),(128,'interview',5130,'AI 에이전트 개발자 채용','','회사 333층 회의실','2025-08-19 14:00:00','2025-07-19 07:03:41','2025-07-19 07:03:41','',117),(132,'interview',5130,'첫번째 테스트용 개발자 채용 공고','','회사 10층 회의실','2025-08-12 14:00:00','2025-07-21 06:46:19','2025-07-21 06:46:19','',119),(133,'interview',5130,'첫번째 테스트용 개발자 채용 공고','','회사 11층 회의실','2025-08-17 16:00:00','2025-07-21 06:46:19','2025-07-21 06:46:19','',119),(134,'interview',5130,'첫번째 테스트용 개발자 채용 공고','','회사 12층 회의실','2025-08-18 23:00:00','2025-07-21 06:46:20','2025-07-21 06:46:20','',119),(135,'interview',5130,'첫번째 테스트용 개발자 채용 공고','','회사 10층 회의실','2025-08-12 14:00:00','2025-07-21 06:48:25','2025-07-21 06:48:25','',120),(136,'interview',5130,'첫번째 테스트용 개발자 채용 공고','','회사 11층 회의실','2025-08-17 16:00:00','2025-07-21 06:48:26','2025-07-21 06:48:26','',120),(137,'interview',5130,'첫번째 테스트용 개발자 채용 공고','','회사 12층 회의실','2025-08-18 23:00:00','2025-07-21 06:48:26','2025-07-21 06:48:26','',120),(142,'interview',5130,'프론트엔드 개발자 채용 공고','','회사 3층 회의실','2025-08-11 14:00:00','2025-07-21 08:57:11','2025-07-21 08:57:11','',123),(151,'ai_interview',NULL,'AI 면접 - 백엔드 개발자','백엔드 개발자 AI 면접 일정','온라인','2025-07-24 00:33:00','2025-07-24 00:33:00','2025-07-24 00:33:00','COMPLETED',41),(152,'ai_interview',NULL,'AI 면접 - 공공기관 IT사업 PM/PL 모집','공공기관 IT사업 PM/PL 모집 AI 면접 일정','온라인','2025-07-24 00:35:22','2025-07-24 00:35:22','2025-07-24 00:35:22','COMPLETED',17),(155,'interview',5130,'프론트엔드 개발자 채용 공고','','회사 3층 회의실','2025-08-15 14:00:00','2025-07-24 08:36:19','2025-07-24 08:36:19','',128),(157,'interview',5130,'목요일 테스트 2','','회사 3층 회의실','2025-07-25 13:03:00','2025-07-24 08:59:27','2025-07-24 08:59:27','',129),(158,'interview',3043,'목요일 테스트 2','','회사 3층 회의실','2025-07-25 13:03:00','2025-07-24 14:05:26','2025-07-24 14:05:26','',129),(160,'interview',3043,'풀스택 개발자 채용 공고','','제발제발제발제발','2025-07-24 23:12:00','2025-07-24 14:14:17','2025-07-24 14:14:17','',131),(161,'interview',5130,'백엔드 개발자 채용 공고','','123번째 레슨','2025-07-26 14:00:00','2025-07-25 00:25:12','2025-07-25 00:25:12','',130),(162,'interview',5130,'금요일 첫번째 레슨','','회사 첫번째 층 회의실','2025-07-25 04:04:00','2025-07-25 00:33:46','2025-07-25 00:33:46','',132),(163,'interview',3004,'금요일 첫번째 레슨','','회사 첫번째 층 회의실','2025-07-25 04:04:00','2025-07-25 00:44:56','2025-07-25 00:44:56','',132);


/*!40000 ALTER TABLE `schedule` ENABLE KEYS */;
UNLOCK TABLES;

--
-- Table structure for table `schedule_interview`
--

DROP TABLE IF EXISTS `schedule_interview`;
/*!40101 SET @saved_cs_client     = @@character_set_client */;
/*!50503 SET character_set_client = utf8mb4 */;
CREATE TABLE `schedule_interview` (
  `id` int NOT NULL AUTO_INCREMENT,
  `schedule_id` int DEFAULT NULL,
  `user_id` int DEFAULT NULL,
  `schedule_date` timestamp NULL DEFAULT NULL,
  `status` varchar(255) DEFAULT NULL,
  `application_id` int DEFAULT NULL,
  `interviewer_id` int DEFAULT NULL,
  `notes` text,
  `created_at` timestamp NULL DEFAULT CURRENT_TIMESTAMP,
  PRIMARY KEY (`id`),
  KEY `schedule_id` (`schedule_id`),
  KEY `user_id` (`user_id`),
  KEY `fk_schedule_interview_application` (`application_id`),
  KEY `fk_schedule_interview_interviewer` (`interviewer_id`),
  CONSTRAINT `fk_schedule_interview_application` FOREIGN KEY (`application_id`) REFERENCES `application` (`id`),
  CONSTRAINT `fk_schedule_interview_interviewer` FOREIGN KEY (`interviewer_id`) REFERENCES `company_user` (`id`),
  CONSTRAINT `schedule_interview_ibfk_1` FOREIGN KEY (`schedule_id`) REFERENCES `schedule` (`id`),
  CONSTRAINT `schedule_interview_ibfk_2` FOREIGN KEY (`user_id`) REFERENCES `company_user` (`id`)
) ENGINE=InnoDB AUTO_INCREMENT=64 DEFAULT CHARSET=utf8mb4 COLLATE=utf8mb4_0900_ai_ci;
/*!40101 SET character_set_client = @saved_cs_client */;

--
-- Dumping data for table `schedule_interview`
--

LOCK TABLES `schedule_interview` WRITE;
/*!40000 ALTER TABLE `schedule_interview` DISABLE KEYS */;

INSERT INTO `schedule_interview` VALUES (27,54,5130,'2025-08-13 11:11:00','SCHEDULED',NULL,NULL,NULL,'2025-07-28 23:22:32'),(28,55,5130,'2025-08-14 10:10:00','SCHEDULED',NULL,NULL,NULL,'2025-07-28 23:22:32'),(38,107,3108,'2025-07-26 05:05:00','SCHEDULED',NULL,NULL,NULL,'2025-07-28 23:22:32'),(39,108,3108,'2025-07-28 07:07:00','SCHEDULED',NULL,NULL,NULL,'2025-07-28 23:22:32'),(40,109,5130,'2025-07-12 03:02:00','SCHEDULED',NULL,NULL,NULL,'2025-07-28 23:22:32'),(41,110,3108,'2025-07-20 02:00:00','SCHEDULED',NULL,NULL,NULL,'2025-07-28 23:22:32'),(42,111,3108,'2025-07-20 02:30:00','SCHEDULED',NULL,NULL,NULL,'2025-07-28 23:22:32'),(43,112,3108,'2025-07-20 03:00:00','SCHEDULED',NULL,NULL,NULL,'2025-07-28 23:22:32'),(44,113,3004,'2025-07-20 03:30:00','SCHEDULED',NULL,NULL,NULL,'2025-07-28 23:22:32'),(45,114,3004,'2025-07-20 04:00:00','SCHEDULED',NULL,NULL,NULL,'2025-07-28 23:22:32'),(46,115,3004,'2025-07-20 04:30:00','SCHEDULED',NULL,NULL,NULL,'2025-07-28 23:22:32'),(47,116,3043,'2025-07-20 05:00:00','SCHEDULED',NULL,NULL,NULL,'2025-07-28 23:22:32'),(48,117,3043,'2025-07-20 05:30:00','SCHEDULED',NULL,NULL,NULL,'2025-07-28 23:22:32'),(49,118,3043,'2025-07-20 06:00:00','SCHEDULED',NULL,NULL,NULL,'2025-07-28 23:22:32'),(50,119,3056,'2025-07-20 06:30:00','SCHEDULED',NULL,NULL,NULL,'2025-07-28 23:22:32'),(51,120,3056,'2025-07-20 07:00:00','SCHEDULED',NULL,NULL,NULL,'2025-07-28 23:22:32'),(52,121,3056,'2025-07-20 07:30:00','SCHEDULED',NULL,NULL,NULL,'2025-07-28 23:22:32'),(53,122,3056,'2025-07-20 08:00:00','SCHEDULED',NULL,NULL,NULL,'2025-07-28 23:22:32'),(56,124,5130,'2025-07-25 14:00:00','SCHEDULED',NULL,NULL,NULL,'2025-07-28 23:22:32'),(59,152,NULL,'2025-07-24 00:35:25','COMPLETED',NULL,NULL,NULL,'2025-07-28 23:22:32'),(60,157,5130,'2025-07-25 13:03:00','SCHEDULED',NULL,NULL,NULL,'2025-07-28 23:22:32'),(61,158,3043,'2025-07-25 13:03:00','SCHEDULED',NULL,NULL,NULL,'2025-07-28 23:22:32'),(62,161,5130,'2025-07-26 14:00:00','SCHEDULED',NULL,NULL,NULL,'2025-07-28 23:22:32'),(63,163,3004,'2025-07-25 04:04:00','SCHEDULED',NULL,NULL,NULL,'2025-07-28 23:22:32');



/*!40000 ALTER TABLE `schedule_interview` ENABLE KEYS */;
UNLOCK TABLES;


--
-- Table structure for table `ai_interview_schedule`
--

DROP TABLE IF EXISTS `ai_interview_schedule`;
/*!40101 SET @saved_cs_client     = @@character_set_client */;
/*!50503 SET character_set_client = utf8mb4 */;
CREATE TABLE `ai_interview_schedule` (
  `id` int NOT NULL AUTO_INCREMENT,
  `application_id` int NOT NULL,
  `job_post_id` int NOT NULL,
  `applicant_user_id` int NOT NULL,
  `scheduled_at` datetime DEFAULT CURRENT_TIMESTAMP,
  `status` varchar(255) DEFAULT 'SCHEDULED',
  `created_at` datetime DEFAULT CURRENT_TIMESTAMP,
  `updated_at` datetime DEFAULT CURRENT_TIMESTAMP ON UPDATE CURRENT_TIMESTAMP,
  PRIMARY KEY (`id`),
  KEY `idx_application_id` (`application_id`),
  KEY `idx_job_post_id` (`job_post_id`),
  KEY `idx_applicant_user_id` (`applicant_user_id`),
  KEY `idx_status` (`status`),
  KEY `idx_scheduled_at` (`scheduled_at`),
  CONSTRAINT `fk_ai_schedule_application` FOREIGN KEY (`application_id`) REFERENCES `application` (`id`) ON DELETE CASCADE,
  CONSTRAINT `fk_ai_schedule_jobpost` FOREIGN KEY (`job_post_id`) REFERENCES `jobpost` (`id`) ON DELETE CASCADE,
  CONSTRAINT `fk_ai_schedule_user` FOREIGN KEY (`applicant_user_id`) REFERENCES `users` (`id`) ON DELETE CASCADE
) ENGINE=InnoDB AUTO_INCREMENT=62 DEFAULT CHARSET=utf8mb4 COLLATE=utf8mb4_0900_ai_ci;
/*!40101 SET character_set_client = @saved_cs_client */;

--
-- Dumping data for table `ai_interview_schedule`
--

LOCK TABLES `ai_interview_schedule` WRITE;
/*!40000 ALTER TABLE `ai_interview_schedule` DISABLE KEYS */;
INSERT INTO `ai_interview_schedule` VALUES (13,43,17,43,'2025-07-23 03:06:17','SCHEDULED','2025-07-23 03:06:17','2025-07-23 03:06:17'),(15,46,17,46,'2025-07-23 03:06:58','SCHEDULED','2025-07-23 03:06:58','2025-07-23 03:06:58'),(16,47,17,47,'2025-07-23 03:07:27','SCHEDULED','2025-07-23 03:07:27','2025-07-23 03:07:27'),(17,50,17,50,'2025-07-23 03:07:50','SCHEDULED','2025-07-23 03:07:50','2025-07-23 03:07:50'),(18,51,17,51,'2025-07-23 03:08:22','SCHEDULED','2025-07-23 03:08:22','2025-07-23 03:08:22'),(19,52,17,52,'2025-07-23 03:08:48','SCHEDULED','2025-07-23 03:08:48','2025-07-23 03:08:48'),(20,58,17,58,'2025-07-23 03:09:04','SCHEDULED','2025-07-23 03:09:04','2025-07-23 03:09:04'),(21,60,17,60,'2025-07-23 03:09:25','SCHEDULED','2025-07-23 03:09:25','2025-07-23 03:09:25'),(22,62,17,62,'2025-07-23 03:09:45','SCHEDULED','2025-07-23 03:09:45','2025-07-23 03:09:45'),(23,64,17,64,'2025-07-23 03:10:06','SCHEDULED','2025-07-23 03:10:06','2025-07-23 03:10:06'),(24,66,17,66,'2025-07-23 03:10:26','SCHEDULED','2025-07-23 03:10:26','2025-07-23 03:10:26'),(25,70,17,70,'2025-07-23 03:10:44','SCHEDULED','2025-07-23 03:10:44','2025-07-23 03:10:44'),(26,72,17,72,'2025-07-23 03:11:01','SCHEDULED','2025-07-23 03:11:01','2025-07-23 03:11:01'),(27,74,17,74,'2025-07-23 03:11:17','SCHEDULED','2025-07-23 03:11:17','2025-07-23 03:11:17'),(28,76,17,76,'2025-07-23 03:11:37','SCHEDULED','2025-07-23 03:11:37','2025-07-23 03:11:37'),(29,78,17,78,'2025-07-23 03:11:52','SCHEDULED','2025-07-23 03:11:52','2025-07-23 03:11:52'),(30,80,17,80,'2025-07-23 03:12:08','SCHEDULED','2025-07-23 03:12:08','2025-07-23 03:12:08'),(31,54,17,54,'2025-07-23 21:39:21','SCHEDULED','2025-07-23 21:39:21','2025-07-23 21:39:21'),(32,56,17,56,'2025-07-23 21:39:27','SCHEDULED','2025-07-23 21:39:27','2025-07-23 21:39:27'),(33,57,17,57,'2025-07-23 21:39:34','SCHEDULED','2025-07-23 21:39:34','2025-07-23 21:39:34'),(34,59,17,59,'2025-07-23 21:39:48','SCHEDULED','2025-07-23 21:39:48','2025-07-23 21:39:48'),(35,61,17,61,'2025-07-23 21:40:03','SCHEDULED','2025-07-23 21:40:03','2025-07-23 21:40:03'),(36,63,17,63,'2025-07-23 21:40:16','SCHEDULED','2025-07-23 21:40:16','2025-07-23 21:40:16'),(37,65,17,65,'2025-07-23 21:40:30','SCHEDULED','2025-07-23 21:40:30','2025-07-23 21:40:30'),(38,67,17,67,'2025-07-23 21:40:44','SCHEDULED','2025-07-23 21:40:44','2025-07-23 21:40:44'),(39,68,17,68,'2025-07-23 21:40:51','SCHEDULED','2025-07-23 21:40:51','2025-07-23 21:40:51'),(40,69,17,69,'2025-07-23 21:40:58','SCHEDULED','2025-07-23 21:40:58','2025-07-23 21:40:58'),(41,71,17,71,'2025-07-23 21:41:19','SCHEDULED','2025-07-23 21:41:19','2025-07-23 21:41:19'),(42,73,17,73,'2025-07-23 21:41:33','SCHEDULED','2025-07-23 21:41:33','2025-07-23 21:41:33'),(43,75,17,75,'2025-07-23 21:41:47','SCHEDULED','2025-07-23 21:41:47','2025-07-23 21:41:47'),(44,77,17,77,'2025-07-23 21:42:01','SCHEDULED','2025-07-23 21:42:01','2025-07-23 21:42:01'),(45,79,17,79,'2025-07-23 21:42:16','SCHEDULED','2025-07-23 21:42:16','2025-07-23 21:42:16'),(46,81,17,81,'2025-07-23 21:42:30','SCHEDULED','2025-07-23 21:42:30','2025-07-23 21:42:30'),(47,43,17,43,'2025-07-24 00:39:31','COMPLETED','2025-07-24 00:39:31','2025-07-24 00:39:31'),(48,46,17,46,'2025-07-24 00:39:31','COMPLETED','2025-07-24 00:39:31','2025-07-24 00:39:31'),(49,47,17,47,'2025-07-24 00:39:31','COMPLETED','2025-07-24 00:39:31','2025-07-24 00:39:31'),(50,50,17,50,'2025-07-24 00:39:31','COMPLETED','2025-07-24 00:39:31','2025-07-24 00:39:31'),(51,51,17,51,'2025-07-24 00:39:31','COMPLETED','2025-07-24 00:39:31','2025-07-24 00:39:31'),(52,52,17,52,'2025-07-24 00:39:31','COMPLETED','2025-07-24 00:39:31','2025-07-24 00:39:31'),(53,58,17,58,'2025-07-24 00:39:31','COMPLETED','2025-07-24 00:39:31','2025-07-24 00:39:31'),(54,59,17,59,'2025-07-24 00:39:31','COMPLETED','2025-07-24 00:39:31','2025-07-24 00:39:31'),(55,60,17,60,'2025-07-24 00:39:31','COMPLETED','2025-07-24 00:39:31','2025-07-24 00:39:31'),(56,61,17,61,'2025-07-24 00:39:31','COMPLETED','2025-07-24 00:39:31','2025-07-24 00:39:31'),(57,62,17,62,'2025-07-24 00:39:31','COMPLETED','2025-07-24 00:39:31','2025-07-24 00:39:31'),(58,64,17,64,'2025-07-24 00:39:31','COMPLETED','2025-07-24 00:39:31','2025-07-24 00:39:31'),(59,66,17,66,'2025-07-24 00:39:31','COMPLETED','2025-07-24 00:39:31','2025-07-24 00:39:31'),(60,68,17,68,'2025-07-24 00:39:31','COMPLETED','2025-07-24 00:39:31','2025-07-24 00:39:31'),(61,70,17,70,'2025-07-24 00:39:31','COMPLETED','2025-07-24 00:39:31','2025-07-24 00:39:31');
/*!40000 ALTER TABLE `ai_interview_schedule` ENABLE KEYS */;
UNLOCK TABLES;


--
-- Table structure for table `schedule_interview_applicant`
--

DROP TABLE IF EXISTS `schedule_interview_applicant`;
/*!40101 SET @saved_cs_client     = @@character_set_client */;
/*!50503 SET character_set_client = utf8mb4 */;
CREATE TABLE `schedule_interview_applicant` (
  `id` int NOT NULL AUTO_INCREMENT,
  `schedule_interview_id` int DEFAULT NULL,
  `user_id` int NOT NULL,
  `status` varchar(20) DEFAULT 'WAITING',
  `created_at` timestamp NULL DEFAULT CURRENT_TIMESTAMP,
  `updated_at` timestamp NULL DEFAULT CURRENT_TIMESTAMP ON UPDATE CURRENT_TIMESTAMP,
  `interview_status` varchar(50) DEFAULT 'NOT_SCHEDULED',
  PRIMARY KEY (`id`),
  KEY `schedule_interview_id` (`schedule_interview_id`),
  KEY `user_id` (`user_id`),
  CONSTRAINT `schedule_interview_applicant_ibfk_1` FOREIGN KEY (`schedule_interview_id`) REFERENCES `schedule_interview` (`id`) ON DELETE CASCADE,
  CONSTRAINT `schedule_interview_applicant_ibfk_2` FOREIGN KEY (`user_id`) REFERENCES `applicant_user` (`id`) ON DELETE CASCADE
) ENGINE=InnoDB AUTO_INCREMENT=97 DEFAULT CHARSET=utf8mb4 COLLATE=utf8mb4_0900_ai_ci;
/*!40101 SET character_set_client = @saved_cs_client */;

--
-- Dumping data for table `schedule_interview_applicant`
--

LOCK TABLES `schedule_interview_applicant` WRITE;
/*!40000 ALTER TABLE `schedule_interview_applicant` DISABLE KEYS */;
INSERT INTO `schedule_interview_applicant` VALUES (42,41,43,'WAITING','2025-07-16 02:24:38','2025-07-19 18:03:47','SCHEDULED'),(43,41,46,'WAITING','2025-07-16 02:24:38','2025-07-19 18:03:47','SCHEDULED'),(44,42,47,'WAITING','2025-07-16 02:24:38','2025-07-19 18:03:47','SCHEDULED'),(45,42,50,'WAITING','2025-07-16 02:24:38','2025-07-19 18:03:47','SCHEDULED'),(46,42,51,'WAITING','2025-07-16 02:24:38','2025-07-19 18:03:47','SCHEDULED'),(47,43,52,'WAITING','2025-07-16 02:24:38','2025-07-19 18:03:47','SCHEDULED'),(51,44,58,'WAITING','2025-07-16 02:24:38','2025-07-19 18:03:47','SCHEDULED'),(52,44,59,'WAITING','2025-07-16 02:24:38','2025-07-19 18:03:47','SCHEDULED'),(53,45,60,'WAITING','2025-07-16 02:24:50','2025-07-19 18:03:47','SCHEDULED'),(54,45,61,'WAITING','2025-07-16 02:24:50','2025-07-19 18:03:47','SCHEDULED'),(55,45,62,'WAITING','2025-07-16 02:24:50','2025-07-19 18:03:47','SCHEDULED'),(57,46,64,'WAITING','2025-07-16 02:24:50','2025-07-19 18:03:47','SCHEDULED'),(59,47,66,'WAITING','2025-07-16 02:24:50','2025-07-19 18:03:47','SCHEDULED'),(61,47,68,'WAITING','2025-07-16 02:24:50','2025-07-19 18:03:47','SCHEDULED'),(62,47,70,'WAITING','2025-07-24 00:01:19','2025-07-24 00:01:19','NOT_SCHEDULED'),(77,59,43,'WAITING','2025-07-24 00:45:03','2025-07-24 00:45:03','AI_INTERVIEW_COMPLETED'),(78,59,46,'WAITING','2025-07-24 00:45:03','2025-07-24 00:45:03','AI_INTERVIEW_COMPLETED'),(79,59,47,'WAITING','2025-07-24 00:45:03','2025-07-24 00:45:03','AI_INTERVIEW_COMPLETED'),(80,59,50,'WAITING','2025-07-24 00:45:03','2025-07-24 00:45:03','AI_INTERVIEW_COMPLETED'),(81,59,51,'WAITING','2025-07-24 00:45:03','2025-07-24 00:45:03','AI_INTERVIEW_COMPLETED'),(82,59,52,'WAITING','2025-07-24 00:45:03','2025-07-24 00:45:03','AI_INTERVIEW_COMPLETED'),(83,59,58,'WAITING','2025-07-24 00:45:03','2025-07-24 00:45:03','AI_INTERVIEW_COMPLETED'),(84,59,59,'WAITING','2025-07-24 00:45:03','2025-07-24 00:45:03','AI_INTERVIEW_COMPLETED'),(85,59,60,'WAITING','2025-07-24 00:45:03','2025-07-24 00:45:03','AI_INTERVIEW_COMPLETED'),(86,59,61,'WAITING','2025-07-24 00:45:03','2025-07-24 00:45:03','AI_INTERVIEW_COMPLETED'),(87,59,62,'WAITING','2025-07-24 00:45:03','2025-07-24 00:45:03','AI_INTERVIEW_COMPLETED'),(88,59,64,'WAITING','2025-07-24 00:45:03','2025-07-24 00:45:03','AI_INTERVIEW_COMPLETED'),(89,59,66,'WAITING','2025-07-24 00:45:03','2025-07-24 00:45:03','AI_INTERVIEW_COMPLETED'),(90,59,68,'WAITING','2025-07-24 00:45:03','2025-07-24 00:45:03','AI_INTERVIEW_COMPLETED'),(91,59,70,'WAITING','2025-07-24 00:45:03','2025-07-24 00:45:03','AI_INTERVIEW_COMPLETED'),(92,59,72,'WAITING','2025-07-24 00:59:18','2025-07-24 00:59:18','AI_INTERVIEW_COMPLETED'),(93,59,74,'WAITING','2025-07-24 00:59:18','2025-07-24 00:59:18','AI_INTERVIEW_COMPLETED'),(94,59,76,'WAITING','2025-07-24 00:59:18','2025-07-24 00:59:18','AI_INTERVIEW_COMPLETED'),(95,59,78,'WAITING','2025-07-24 00:59:18','2025-07-24 00:59:18','AI_INTERVIEW_COMPLETED'),(96,59,80,'WAITING','2025-07-24 00:59:18','2025-07-24 00:59:18','AI_INTERVIEW_COMPLETED');


/*!40000 ALTER TABLE `schedule_interview_applicant` ENABLE KEYS */;
UNLOCK TABLES;

