-- MySQL dump 10.13  Distrib 8.0.19, for Win64 (x86_64)
--
-- Host: localhost    Database: kocruit
-- ------------------------------------------------------
-- Server version	8.0.43

/*!40101 SET @OLD_CHARACTER_SET_CLIENT=@@CHARACTER_SET_CLIENT */;
/*!40101 SET @OLD_CHARACTER_SET_RESULTS=@@CHARACTER_SET_RESULTS */;
/*!40101 SET @OLD_COLLATION_CONNECTION=@@COLLATION_CONNECTION */;
/*!50503 SET NAMES utf8mb4 */;
/*!40103 SET @OLD_TIME_ZONE=@@TIME_ZONE */;
/*!40103 SET TIME_ZONE='+00:00' */;
/*!40014 SET @OLD_UNIQUE_CHECKS=@@UNIQUE_CHECKS, UNIQUE_CHECKS=0 */;
/*!40014 SET @OLD_FOREIGN_KEY_CHECKS=@@FOREIGN_KEY_CHECKS, FOREIGN_KEY_CHECKS=0 */;
/*!40101 SET @OLD_SQL_MODE=@@SQL_MODE, SQL_MODE='NO_AUTO_VALUE_ON_ZERO' */;
/*!40111 SET @OLD_SQL_NOTES=@@SQL_NOTES, SQL_NOTES=0 */;

DROP TABLE IF EXISTS `analysis_result`;
/*!40101 SET @saved_cs_client     = @@character_set_client */;
/*!50503 SET character_set_client = utf8mb4 */;
CREATE TABLE `analysis_result` (
  `id` int NOT NULL AUTO_INCREMENT,
  `application_id` int NOT NULL,
  `resume_id` int NOT NULL,
  `jobpost_id` int DEFAULT NULL,
  `company_id` int DEFAULT NULL,
  `analysis_type` varchar(50) NOT NULL,
  `analysis_data` json NOT NULL,
  `analysis_version` varchar(50) DEFAULT NULL,
  `analysis_duration` float DEFAULT NULL,
  `created_at` datetime DEFAULT NULL,
  `updated_at` datetime DEFAULT NULL,
  PRIMARY KEY (`id`),
  KEY `application_id` (`application_id`),
  KEY `resume_id` (`resume_id`),
  KEY `jobpost_id` (`jobpost_id`),
  KEY `company_id` (`company_id`),
  CONSTRAINT `analysis_result_ibfk_1` FOREIGN KEY (`application_id`) REFERENCES `application` (`id`),
  CONSTRAINT `analysis_result_ibfk_2` FOREIGN KEY (`resume_id`) REFERENCES `resume` (`id`),
  CONSTRAINT `analysis_result_ibfk_3` FOREIGN KEY (`jobpost_id`) REFERENCES `jobpost` (`id`),
  CONSTRAINT `analysis_result_ibfk_4` FOREIGN KEY (`company_id`) REFERENCES `company` (`id`)
) ENGINE=InnoDB AUTO_INCREMENT=21 DEFAULT CHARSET=utf8mb4 COLLATE=utf8mb4_0900_ai_ci;
/*!40101 SET character_set_client = @saved_cs_client */;

--
-- Dumping data for table `analysis_result`
--

LOCK TABLES `analysis_result` WRITE;
/*!40000 ALTER TABLE `analysis_result` DISABLE KEYS */;

INSERT INTO `analysis_result` VALUES (1,41,41,17,4,'comprehensive','{\"soft_skills\": [\"리더십\", \"커뮤니케이션\", \"문제 해결 능력\", \"협업\"], \"key_projects\": [\"스마트 시스템 개발: 센서 데이터를 활용한 프로젝트 팀장 경험\", \"알고리즘 학습: 200일간 지속적인 알고리즘 문제 풀이\", \"졸업 작품 공모전 수상: 41위로 수상 경력 보유\"], \"resume_summary\": \"지원자는 문제 해결에 대한 열정과 책임감을 가지고 있으며, Java와 Spring을 이용한 서버 프로그램 개발에 흥미가 높습니다. 안정적인 기업 환경에서의 개인 성장과 협업을 중시하며, 금융 관련 IT업무에 관심이 있습니다.\", \"technical_skills\": [\"Java\", \"Spring\", \"JPA\", \"MySQL\", \"JavaScript\", \"React\", \"Linux\"], \"job_matching_score\": 0.8, \"portfolio_analysis\": \"포트폴리오 정보가 없어 구체적인 작업물을 확인할 수 없음.\", \"potential_concerns\": [\"프론트엔드에 대한 흥미 부족\", \"직무 경험의 부족으로 인한 적합성 우려\"], \"job_matching_details\": \"Java와 Spring 기반의 웹 시스템 개발 경험과 협업 능력이 강조되어 있으며, PM/PL 역할을 수행하기 위한 기술적 이해도가 높음.\", \"experience_highlights\": [\"부회장으로서 소프트웨어 동아리 주최 경험\", \"Jira 및 Jenkins를 활용한 실무 프로젝트 진행\", \"리눅스마스터 및 SQLD 자격증 보유\"], \"interview_focus_areas\": [\"프론트엔드 업무에 대한 의향 확인\", \"PM/PL 역할 수행을 위한 경험 탐색\", \"공공 SI 프로젝트 경험 여부 및 RFP 분석 경험\"]}','1.0',7.8951,'2025-07-27 17:17:51','2025-07-27 17:17:51'),(2,41,41,17,4,'detailed','{\"errors\": {}, \"results\": {\"detailed\": {\"specialization\": {\"domain_expertise\": 80, \"unique_strengths\": [\"문제 해결에 대한 강한 열정과 경험\", \"개발 과정에서의 성취감과 지속적인 학습 의지\"], \"industry_knowledge\": 75, \"competitive_advantages\": [\"다양한 기술 스택에 대한 이해와 경험\", \"팀 프로젝트 및 협업 경험을 통한 실무 능력\"]}, \"problem_solving\": {\"case_examples\": [\"버그 발생 시 Break point를 찍고 문제를 디버깅하여 해결한 경험\", \"프로젝트 서버 배포 후 발생한 문제를 에러 로그 분석으로 해결한 경험\"], \"approach_style\": \"문서와 자료를 참고하여 체계적으로 문제를 분석하고 해결책을 모색\", \"creative_solutions\": 70, \"analytical_thinking\": 85}, \"growth_potential\": {\"assessment\": \"지속적인 자기 개발과 학습을 중시하며 새로운 기술 습득에 대한 열의가 높음\", \"adaptability\": 80, \"learning_ability\": 90, \"innovation_capacity\": 75}, \"core_competencies\": {\"soft_skills\": [\"문제 해결 능력: 문제 발생 시 다양한 방법을 찾아 해결하는 접근 방식\", \"팀워크: 소프트웨어 동아리 부회장으로 팀 프로젝트 및 스터디 주최 경험\", \"커뮤니케이션: 협업 과정에서의 코드 리뷰와 기술적 소통 능력\"], \"expertise_level\": \"중급\", \"technical_skills\": [\"Java: 객체 지향 프로그래밍 언어로서, 웹 애플리케이션 개발에 활용 가능\", \"Spring: 스프링 프레임워크를 이용한 서버 개발 경험과 이해\", \"JPA: 데이터베이스와의 연동을 위한 ORM 툴 사용 경험\", \"MySQL: 관계형 데이터베이스 관리 시스템에 대한 이해와 실습 경험\", \"Linux: 서버 운영 체제에 대한 이해 및 활용 경험\"]}, \"improvement_areas\": {\"weaknesses\": [\"프론트엔드 분야에 대한 흥미 부족\", \"실무 경험 부족으로 인한 자신감 부족\"], \"recommendations\": [\"프론트엔드 관련 프로젝트 참여를 통해 실무 경험 쌓기\", \"멘토링 및 코드 리뷰를 통해 지속적인 피드백 받기\"], \"development_needs\": [\"프론트엔드 기술에 대한 학습 및 경험 강화\", \"실무 경험을 통한 자신감 향상\"]}, \"overall_assessment\": {\"key_reasons\": [\"Java 및 Spring 기반 시스템에 대한 이해와 경험\", \"팀 리더 역할을 수행하며 프로젝트를 성공적으로 이끈 경험\", \"지속적인 학습과 자기 개발 의지가 강함\"], \"job_fit_score\": 82, \"overall_rating\": \"A-\", \"hiring_recommendation\": \"추천\"}, \"experience_analysis\": {\"depth_score\": 85, \"breadth_score\": 70, \"quality_assessment\": \"프로젝트 리더 경험과 다양한 기술 스택을 사용한 경험이 질적으로 높음\", \"standout_experiences\": [\"스마트 프로젝트 팀장으로서 센서 데이터를 활용한 시스템 개발\", \"소프트웨어 동아리 부회장으로 해커톤 주최 및 정기 스터디 운영\"]}, \"leadership_collaboration\": {\"examples\": [\"소프트웨어 동아리에서 부회장으로 팀워크를 통해 동아리 활동을 이끌어낸 경험\", \"프로젝트 팀장으로서 팀원들과의 원활한 소통을 통해 개발 진행\"], \"teamwork_score\": 85, \"leadership_score\": 75, \"communication_score\": 80}}}, \"summary\": {\"key_insights\": [], \"analysis_count\": 1, \"overall_scores\": {\"average_score\": 82.0, \"detailed_score\": 82}, \"recommendations\": [\"강력 추천 - 우수한 후보자\"], \"completed_analyses\": [\"detailed\"]}, \"metadata\": {\"company_id\": null, \"jobpost_id\": null, \"enabled_tools\": [\"detailed\"], \"application_id\": null, \"analysis_timestamp\": 1753636686.6144905, \"total_processing_time\": 0.0005199909210205078}}','1.0',1.45132,'2025-07-27 17:18:07','2025-07-27 17:18:07'),(3,42,42,17,4,'comprehensive','{\"soft_skills\": [\"커뮤니케이션\", \"리더십\", \"협업 능력\", \"문제 해결 능력\"], \"key_projects\": [\"스마트 시스템 개발: 센서 데이터를 활용한 스마트 프로젝트 팀장\", \"공모전 수상: 졸업작품으로 42위 수상\", \"팀/페어 프로젝트: Java, Spring, Vue 활용한 협업 경험\"], \"resume_summary\": \"지원자는 현대오토에버의 이커머스팀에 지원하며, 자동차 산업의 디지털 전환에 기여하고자 하며, Java 및 Spring 기반의 웹 개발 경험을 갖춘 전자공학 석사입니다. 다양한 프로젝트 경험을 통해 기술 역량과 협업 능력을 갖추었습니다.\", \"technical_skills\": [\"Java\", \"Spring\", \"JPA\", \"MySQL\", \"JavaScript\", \"React\", \"Linux\"], \"job_matching_score\": 0.79, \"portfolio_analysis\": \"포트폴리오 정보가 없어 추가적인 구체성을 확인할 필요가 있음.\", \"potential_concerns\": [\"공공 SI 프로젝트 경험 부족 여부\", \"PM/PL 역할에 대한 구체적인 경험 부족\"], \"job_matching_details\": \"지원자의 기술 스택과 프로젝트 경험이 공공기관 IT사업 PM/PL 역할에 적합하지만, 공공 SI 프로젝트 경험이 부족하므로 이 부분을 보완할 필요가 있음.\", \"experience_highlights\": [\"소프트웨어 동아리 부회장으로 정기 스터디 및 해커톤 주최\", \"스마트 프로젝트 42 팀장으로 프로젝트 관리 및 기술 리딩\"], \"interview_focus_areas\": [\"프로젝트 관리 경험 및 역할에 대한 이해\", \"공공기관 IT사업에 대한 관심과 이해도 확인\"]}','1.0',7.91382,'2025-07-27 17:48:41','2025-07-27 17:48:41'),(4,41,41,17,4,'impact_points','{\"cautions\": [\"주의사항1: 프론트엔드에 대한 흥미 부족 - 지원자는 프론트엔드 분야에 대한 흥미가 낮다고 언급하고 있어, PM/PL 직무에서 요구되는 전반적인 이해도가 부족할 수 있습니다.\", \"주의사항2: 프로젝트 경험 부족 - 이력서에서 언급된 프로젝트 경험이 제한적이며, 공공 SI 프로젝트 경험이 없다는 점이 우려될 수 있습니다.\"], \"strengths\": [\"강점1: 문제 해결 능력 - 지원자는 문제 발생 시 포기하지 않고 다양한 방법을 찾아 해결하는 성격을 가지고 있으며, 그 과정에서 성취감을 느끼는 것을 강조하고 있습니다.\", \"강점2: 실무 경험 및 기술 역량 - OOOOO 교육과정에서 우수한 성적을 거두고, 현재 진행 중인 프로젝트에서 Jira와 Jenkins를 활용한 협업 경험이 있어 실무에 대한 이해도가 높습니다.\", \"강점3: 지속적인 학습 의지 - 알고리즘 문제를 꾸준히 풀고 있으며, 새로운 기술과 도구에 대한 학습을 지속하고 있어 개발자로서의 성장 가능성이 높습니다.\"], \"interview_points\": [\"면접 포인트1: 문제 해결 방법 - 지원자가 과거에 겪었던 특정 문제와 그 문제를 어떻게 해결했는지 구체적인 사례를 통해 질문하여 문제 해결 능력을 평가할 수 있습니다.\", \"면접 포인트2: 협업 경험 - 팀장으로서의 경험과 협업에 대한 구체적인 사례를 통해 개발팀 및 외부 파트너와의 커뮤니케이션 능력을 평가할 수 있습니다.\"], \"additional_insights\": \"지원자는 기술적 역량과 문제 해결 능력이 뛰어나지만, 공공기관 IT사업 PM/PL 직무에 필요한 경험의 부족이 눈에 띕니다. 면접에서 이러한 경험을 보완할 수 있는 방법에 대한 구체적인 계획이나 의지를 확인하는 것이 중요할 것입니다.\"}','1.0',7.57537,'2025-07-27 18:30:30','2025-07-27 18:30:30'),(5,41,41,17,4,'applicant_comparison','{\"interview_focus\": [\"프로젝트 리딩 경험과 팀워크를 통해 기여할 수 있는 방안\", \"문제 해결 과정에서의 성취감과 개발에 대한 열정\"], \"hiring_probability\": {\"key_factors\": [\"기술적 역량과 프로젝트 경험\", \"공공 프로젝트에 대한 열정과 이해\"], \"risk_factors\": [\"공공 SI 프로젝트 경험 부족\", \"프론트엔드 분야에 대한 흥미 부족\"], \"success_rate\": \"65%\"}, \"competition_analysis\": {\"rank_explanation\": \"지원자의 전문성과 관련 경험이 뛰어나며, 프로젝트 경험과 기술적 역량이 강력하게 드러남.\", \"estimated_ranking\": \"상위 10%\", \"competitiveness_grade\": \"A\", \"total_applicants_analyzed\": 6}, \"competitive_strategy\": {\"positioning\": \"기술 중심의 문제 해결자로서, 팀 내에서의 협업과 소통 능력을 강조\", \"unique_value\": \"안정적이고 체계적인 업무 환경에서 자신의 기술을 최대한 활용할 수 있는 인재\", \"appeal_points\": [\"프로그래밍에 대한 열정과 문제 해결 능력 강조\", \"팀 리더십 경험을 통해 프로젝트 관리 능력 어필\"]}, \"comparative_strengths\": [\"Java 및 Spring 프레임워크에 대한 깊은 이해와 관련 기술 경험 보유\", \"다양한 프로젝트 경험, 특히 팀장으로서의 리더십 경험\"], \"comparative_weaknesses\": [\"공공 SI 프로젝트 경험이 부족하며, 특정 도메인 지식이 부족할 수 있음\", \"프론트엔드 업무에 대한 흥미 부족으로 인해 전체적인 기술 스펙트럼이 제한적일 수 있음\"], \"differentiation_points\": [\"개발 과정에서의 문제 해결 능력과 성취감에 대한 명확한 인식\", \"코드 리뷰와 협업의 중요성을 이해하고 이를 강조하는 점\"], \"other_applicants_summary\": [{\"name\": \"홍길동42\", \"major\": \"전자공학과\", \"education\": \"OO대학교 대학원\", \"strengths\": [\"자동차 산업에 대한 깊은 이해\", \"전문적 기술 지식\"], \"weaknesses\": [\"직무 관련 경험 부족\", \"구체적인 기술적 사례 부족\"], \"threat_reason\": \"관련 경험이 부족하지만 기술적 지식은 강함.\", \"competitive_threat\": \"보통\"}, {\"name\": \"홍사삼\", \"major\": \"전자공학과\", \"education\": \"OO대학교 대학원\", \"strengths\": [\"성격의 장단점을 잘 표현\", \"문제 해결 능력 강조\"], \"weaknesses\": [\"구체적 프로젝트 경험 부족\", \"직무 관련 경험이 상대적으로 적음\"], \"threat_reason\": \"비슷한 성격의 강점을 보유하여 경쟁 가능성 있음.\", \"competitive_threat\": \"보통\"}, {\"name\": \"홍사사\", \"major\": \"전자공학과\", \"education\": \"OO대학교\", \"strengths\": [\"개발에 대한 강한 열정\", \"사용자 중심의 사고\"], \"weaknesses\": [\"구체적인 기술적 경험 부족\", \"직무와의 직접적 연관성 부족\"], \"threat_reason\": \"사용자 중심의 사고가 직무에 잘 맞을 수 있음.\", \"competitive_threat\": \"높음\"}, {\"name\": \"홍사오\", \"major\": \"전자공학과\", \"education\": \"OO대학교\", \"strengths\": [\"영업 분야에 대한 비전\", \"고객 중심 사고\"], \"weaknesses\": [\"IT 기술적 이해 부족\", \"PM/PL 역할에 대한 경험 부족\"], \"threat_reason\": \"직무와의 관련성이 낮아 경쟁력이 적음.\", \"competitive_threat\": \"낮음\"}, {\"name\": \"홍사육\", \"major\": \"전자공학과\", \"education\": \"OO대학교\", \"strengths\": [\"소통 능력\", \"적극적인 인간관계 구축\"], \"weaknesses\": [\"기술적 역량 부족\", \"구체적인 프로젝트 경험 부족\"], \"threat_reason\": \"소통 능력이 강하나 기술적 스킬이 부족.\", \"competitive_threat\": \"보통\"}]}','1.0',17.635,'2025-07-27 18:34:48','2025-07-27 18:34:48'),(6,44,44,17,4,'comprehensive','{\"soft_skills\": [\"커뮤니케이션\", \"리더십\", \"팀워크\"], \"key_projects\": [\"WebRTC 기반 비대면 단체 클립 촬영 사이트 개발\", \"센서 데이터를 활용한 스마트 시스템 개발\"], \"resume_summary\": \"지원자는 LG전자 H&A 사업부에 대한 강한 열정과 개발 목표를 갖춘 전자공학 전공자로, 다양한 프로젝트 경험과 소프트웨어 기술을 보유하고 있습니다.\", \"technical_skills\": [\"Java\", \"Spring\", \"JPA\", \"MySQL\", \"JavaScript\", \"React\", \"Linux\"], \"job_matching_score\": 0.78, \"portfolio_analysis\": \"포트폴리오 정보가 없어 구체적인 프로젝트 시연이 부족함.\", \"potential_concerns\": [\"공공기관 IT사업에 대한 구체적인 경험 부족\", \"PM/PL 역할에 대한 이해도 확인 필요\"], \"job_matching_details\": \"전반적인 기술 스택과 경험이 요구되는 PM/PL 역할에 적합하지만, 공공기관 프로젝트 경험이 부족할 수 있음.\", \"experience_highlights\": [\"프로젝트 협업 베스트 멤버 선정\", \"소프트웨어 동아리 부회장으로 해커톤 주최\"], \"interview_focus_areas\": [\"공공 SI 프로젝트 경험에 대한 질문\", \"요구사항 정의 및 설계 검토 경험\"]}','1.0',8.12893,'2025-07-27 19:07:58','2025-07-27 19:07:58'),(7,61,61,17,4,'comprehensive','{\"soft_skills\": [\"커뮤니케이션\", \"리더십\", \"문제 해결 능력\", \"적응력\"], \"key_projects\": [\"스마트 시스템 개발 프로젝트: 센서 데이터를 활용한 시스템 개발.\", \"인터넷 쇼핑몰 운영: 고객 관심사 분석을 통한 매출 증가.\", \"교내 마케팅 경진 대회: 금상 수상 경험.\"], \"resume_summary\": \"지원자는 생명보험 및 금융 분야에 대한 깊은 이해와 고객 관리 능력을 갖춘 인재로, 전자공학 전공을 통해 IT 기술에 대한 전문성과 프로젝트 리더십 경험을 보유하고 있습니다.\", \"technical_skills\": [\"Java\", \"Spring\", \"JPA\", \"MySQL\", \"JavaScript\", \"React\", \"Linux\"], \"job_matching_score\": 0.8, \"portfolio_analysis\": \"포트폴리오가 없어 실제 프로젝트 경험과 기술적 깊이를 확인하는 것이 중요합니다.\", \"potential_concerns\": [\"공공 SI 프로젝트 경험 부족.\", \"광범위한 기술 스택에 대한 심층적인 이해 여부.\"], \"job_matching_details\": \"공공기관 IT사업 PM/PL 역할에 적합한 기술 및 경험을 갖추고 있으나, 관련 프로젝트 경험이 다소 부족할 수 있음.\", \"experience_highlights\": [\"정보처리기사 및 SQLD 자격증 보유.\", \"소프트웨어 동아리 부회장으로 정기 스터디 및 해커톤 주최.\", \"고객 이해를 통한 매출 증대 경험.\"], \"interview_focus_areas\": [\"PM/PL 역할 수행 경험에 대한 질문.\", \"Java, Spring 기반 웹 시스템에 대한 이해.\", \"조직 내 의사소통 및 협업 능력.\"]}','1.0',8.23182,'2025-07-27 19:09:15','2025-07-27 19:09:15'),(8,61,61,17,4,'detailed','{\"errors\": {}, \"results\": {\"detailed\": {\"specialization\": {\"domain_expertise\": 80, \"unique_strengths\": [\"금융과 IT의 융합적 이해: 금융학 복수 전공과 IT 기술 보유.\", \"고객 중심의 사고: 고객의 니즈를 이해하고 반영하는 능력.\"], \"industry_knowledge\": 75, \"competitive_advantages\": [\"다양한 경험을 통한 문제 해결 능력.\", \"소통 능력을 통한 고객 관계 형성.\"]}, \"problem_solving\": {\"case_examples\": [\"고객의 관심사에 기반한 SNS 마케팅 전략 수립으로 매출 증가.\", \"기술적 원리를 이해하기 위한 팀 내 협력 및 자료 요청을 통한 문제 해결.\"], \"approach_style\": \"실용적인 해결 중심으로, 데이터를 기반으로 분석하여 문제를 해결.\", \"creative_solutions\": 70, \"analytical_thinking\": 85}, \"growth_potential\": {\"assessment\": \"지속적인 학습과 새로운 기술 습득 능력이 뛰어나며, 빠르게 변화하는 환경에 적응할 수 있는 잠재력 보유.\", \"adaptability\": 80, \"learning_ability\": 90, \"innovation_capacity\": 75}, \"core_competencies\": {\"soft_skills\": [\"소통 능력: 다양한 연령층과의 소통 경험을 통해 고객의 니즈를 파악.\", \"적응력: 새로운 환경과 업무에 빠르게 적응하여 성과를 이끌어낸 경험.\", \"책임감: 맡은 업무에 대한 책임감을 가지고 최선을 다하는 자세.\"], \"expertise_level\": \"초급\", \"technical_skills\": [\"Java: 객체지향 프로그래밍 언어로, 웹 애플리케이션 개발에 활용.\", \"Spring: Java 기반의 애플리케이션 프레임워크로, 대규모 시스템 개발에 필수적.\", \"MySQL: 관계형 데이터베이스 관리 시스템으로, 데이터 저장 및 관리에 사용.\", \"Linux: 서버 운영 체제에 대한 이해, 시스템 관리 및 배포에 필요한 기본 지식.\"]}, \"improvement_areas\": {\"weaknesses\": [\"실무 경험 부족: 금융 및 보험 분야의 실무 경험이 적음.\", \"창의적 해결 능력 부족: 기존 해결책에 의존하는 경향.\"], \"recommendations\": [\"실제 프로젝트에 참여하여 실무 경험을 쌓을 것.\", \"문제 해결 워크숍이나 훈련 프로그램 참여.\"], \"development_needs\": [\"실무 경험 확대: 인턴십이나 프로젝트 경험을 통해 실무 능력 강화.\", \"창의적 문제 해결 훈련: 다양한 문제 해결 접근 방식을 학습.\"]}, \"objective_analysis\": {\"growth_analysis\": {\"adaptability\": 80, \"learning_ability\": 100, \"growth_indicators\": {\"continuous_learning\": true, \"certification_effort\": true, \"new_skill_acquisition\": true}, \"innovation_capacity\": 0}, \"expertise_analysis\": {\"expertise_level\": \"초급\", \"domain_expertise\": 50, \"unique_strengths\": [], \"industry_knowledge\": 100, \"competitive_advantages\": []}, \"experience_analysis\": {\"depth_score\": 100, \"breadth_score\": 100, \"depth_analysis\": {\"technical_expertise\": true, \"large_scale_projects\": true, \"leadership_experience\": true}, \"breadth_analysis\": {\"role_diversity\": 5, \"tech_diversity\": 1, \"industry_experience\": 2}}, \"problem_solving_analysis\": {\"case_examples\": [], \"creative_solutions\": 33, \"analytical_thinking\": 99, \"problem_solving_style\": \"일반적 해결 중심\"}}, \"overall_assessment\": {\"key_reasons\": [\"우수한 학습 능력과 적응력.\", \"다양한 팀 프로젝트 경험을 통한 협업 능력.\", \"IT와 금융에 대한 융합적 이해.\"], \"job_fit_score\": 82, \"overall_rating\": \"A-\", \"hiring_recommendation\": \"추천\"}, \"experience_analysis\": {\"depth_score\": 85, \"breadth_score\": 70, \"quality_assessment\": \"다양한 경험을 보유하고 있으며, 특히 팀장 경험과 공모전 수상 경력이 주목할 만함.\", \"standout_experiences\": [\"스마트 프로젝트 팀장 경험: 센서 데이터를 활용한 스마트 시스템 개발.\", \"교내 마케팅 경진 대회에서 금상 수상: 팀원들과의 협업을 통한 성과.\"]}, \"leadership_collaboration\": {\"examples\": [\"소프트웨어 동아리 부회장으로서 팀원들과의 정기적인 스터디 및 해커톤 주최.\", \"교내 마케팅 경진 대회에서 팀원들과 협력하여 기획서 작성 및 발표.\"], \"teamwork_score\": 85, \"leadership_score\": 75, \"communication_score\": 80}}}, \"summary\": {\"key_insights\": [], \"analysis_count\": 1, \"overall_scores\": {\"average_score\": 82.0, \"detailed_score\": 82}, \"recommendations\": [\"강력 추천 - 우수한 후보자\"], \"completed_analyses\": [\"detailed\"]}, \"metadata\": {\"company_id\": null, \"jobpost_id\": null, \"enabled_tools\": [\"detailed\"], \"application_id\": null, \"analysis_timestamp\": 1753643747.7651389, \"total_processing_time\": 15.17806077003479}}','1.0',16.7029,'2025-07-27 19:16:03','2025-07-27 19:16:03'),(9,61,61,17,4,'applicant_comparison','{\"interview_focus\": [\"보험 영업 관리 직무에서의 경험과 고객 대응 능력\", \"프로젝트 리더십 경험과 팀워크 강조\"], \"hiring_probability\": {\"key_factors\": [\"보험 및 금융 지식\", \"리더십과 팀워크 경험\"], \"risk_factors\": [\"IT 분야 경험 부족\", \"공공기관 프로젝트 경험 없음\"], \"success_rate\": \"70%\"}, \"competition_analysis\": {\"rank_explanation\": \"현재 지원자는 다수의 관련 경험 및 기술을 보유하고 있으며, 생명보험 및 금융에 대한 이해도가 높아 공고에 적합한 인재로 평가됨.\", \"estimated_ranking\": \"상위 10%\", \"competitiveness_grade\": \"A+\", \"total_applicants_analyzed\": 6}, \"competitive_strategy\": {\"positioning\": \"금융과 IT의 경계를 넘나드는 전문가로서의 이미지\", \"unique_value\": \"보험업계와 IT 기술의 융합을 통한 혁신적인 접근\", \"appeal_points\": [\"보험 시장에 대한 깊은 이해\", \"다양한 기술 스택 보유\"]}, \"comparative_strengths\": [\"보험 및 금융 관련 전공 지식과 경험 보유\", \"프로젝트 경험과 리더십 역할 수행\"], \"comparative_weaknesses\": [\"IT 분야에서의 구체적인 경력 부족\", \"공공기관 IT사업 관련 경험 미비\"], \"differentiation_points\": [\"금융 및 보험 분야에서의 통합적 경험과 이해도\", \"소프트웨어 개발 기술과 금융 지식의 융합\"], \"other_applicants_summary\": [{\"name\": \"홍인준\", \"major\": \"정보 없음\", \"education\": \"OO고등학교\", \"strengths\": [\"문제 해결 능력\", \"열정적인 성격\"], \"weaknesses\": [\"구체적인 기술 경험 부족\", \"공공기관 경험 없음\"], \"threat_reason\": \"경험이 부족하고 관련 기술이 없음\", \"competitive_threat\": \"낮음\"}, {\"name\": \"홍길동42\", \"major\": \"전자공학과\", \"education\": \"OO대학교 대학원\", \"strengths\": [\"전자공학 석사 학위\", \"자동차 산업에 대한 이해\"], \"weaknesses\": [\"구체적인 공공기관 프로젝트 경험 부족\"], \"threat_reason\": \"전문 분야 이해도가 높으나 경험이 부족함\", \"competitive_threat\": \"보통\"}, {\"name\": \"홍사삼\", \"major\": \"전자공학과\", \"education\": \"OO대학교 대학원\", \"strengths\": [\"전자공학 석사 학위\", \"문제 해결 능력\"], \"weaknesses\": [\"공공기관 경험 부족\", \"구체적인 경력 없음\"], \"threat_reason\": \"학위와 관련 경험이 있으나 다소 부족함\", \"competitive_threat\": \"높음\"}, {\"name\": \"홍사사\", \"major\": \"전자공학과\", \"education\": \"OO대학교\", \"strengths\": [\"협업 능력\", \"사회적 책임감\"], \"weaknesses\": [\"구체적인 기술 능력 부족\", \"경력 부족\"], \"threat_reason\": \"경험과 기술이 부족함\", \"competitive_threat\": \"낮음\"}, {\"name\": \"홍사오\", \"major\": \"전자공학과\", \"education\": \"OO대학교\", \"strengths\": [\"고객 중심의 사고\", \"영업에 대한 열정\"], \"weaknesses\": [\"IT 기술 부족\", \"구체적인 프로젝트 경험 없음\"], \"threat_reason\": \"영업 관련 경험은 좋으나 IT 기술이 부족함\", \"competitive_threat\": \"보통\"}]}','1.0',16.8323,'2025-07-27 19:29:40','2025-07-27 19:29:40'),(10,61,61,17,4,'impact_points','{\"cautions\": [\"주의사항1: 여러 역할을 동시에 맡아 시간 관리에 어려움을 겪었던 경험이 있어, 향후 업무 우선순위를 정하는 데 더 신중할 필요가 있습니다.\", \"주의사항2: 고객의 관심사를 깊이 이해하고 반영한 경험이 있지만, 이 경험이 IT 사업 PM/PL 직무와 직접 연결되는지를 명확히 할 필요가 있습니다.\"], \"strengths\": [\"강점1: 생명보험 및 금융 업계에 대한 깊은 이해와 경험이 있어, 고객의 니즈를 잘 파악하고 신뢰 관계를 구축할 수 있는 능력을 갖추고 있습니다.\", \"강점2: 다양한 사람들과의 소통 능력이 뛰어나며, 금융 교육 봉사활동을 통해 고객의 눈높이에 맞춘 교육과 의사소통을 성공적으로 수행한 경험이 있습니다.\", \"강점3: 금융 전문가로 성장하기 위한 자격증 취득과 실무 경험을 바탕으로 전문성을 갖추고 있으며, 이 경험은 보험 영업관리 업무에 직접적으로 기여할 수 있습니다.\"], \"interview_points\": [\"면접 포인트1: 생명보험 분야에서 쌓은 경험을 IT 사업 PM/PL 직무와 어떻게 연결할 수 있을지에 대한 구체적인 방안과 전략을 설명해 주시기 바랍니다.\", \"면접 포인트2: 다양한 팀원과의 협업 경험을 바탕으로, 기술 커뮤니케이션 및 일정 조율을 어떻게 효과적으로 수행할 것인지에 대한 사례를 들어 설명해 주시기 바랍니다.\"], \"additional_insights\": \"후보는 생명보험 분야에서의 경험을 바탕으로 고객 중심의 사고를 가지고 있으며, 소통 능력과 전문성을 통해 조직 내에서 긍정적인 영향을 미칠 수 있을 것으로 평가됩니다. 그러나 IT 분야에서의 경력이 부족할 수 있으므로, 이러한 경력을 보완할 수 있는 구체적인 계획이 필요합니다.\"}','1.0',8.50389,'2025-07-27 19:29:57','2025-07-27 19:29:57'),(11,59,59,17,4,'comprehensive','{\"soft_skills\": [\"커뮤니케이션\", \"리더십\", \"문제 해결 능력\"], \"key_projects\": [\"스마트 시스템 개발\", \"금융 동아리 활동 지원금 운영\"], \"resume_summary\": \"지원자는 공공기관에서의 직무 윤리와 신뢰의 중요성을 강조하며, 금융 동아리 부회장 경험과 연금 관련 업무 경험을 통해 전문성과 문제 해결 능력을 갖춘 인재입니다. 전자공학 전공과 다양한 기술 스택을 보유하고 있습니다.\", \"technical_skills\": [\"Java\", \"Spring\", \"JPA\", \"MySQL\", \"JavaScript\", \"React\", \"Linux\"], \"job_matching_score\": 0.8, \"portfolio_analysis\": \"포트폴리오 정보가 없어 구체적인 프로젝트 결과 확인 불가. 기술적 경험과 관련된 프로젝트 사례 분석 필요.\", \"potential_concerns\": [\"공공 SI 프로젝트 경험 부족 여부\", \"상세한 기술적 이해도 및 실무 경험 확인 필요\"], \"job_matching_details\": \"지원자의 기술 스택과 경험이 공공기관 IT사업 PM/PL 직무 요구사항과 매우 잘 맞아, 높은 매칭 점수를 기록함.\", \"experience_highlights\": [\"금융 동아리 부회장으로 활동하며 정직한 지원금 운영으로 우수 활동 동아리 선정\", \"근로복지공단에서 퇴직연금 고객 상담 업무 경험\"], \"interview_focus_areas\": [\"공공기관 정보시스템 구축 경험\", \"기술 중심의 프로젝트 리딩 경험\"]}','1.0',6.45743,'2025-07-27 19:53:18','2025-07-27 19:53:18'),(12,59,59,17,4,'detailed','{\"errors\": {}, \"results\": {\"detailed\": {\"specialization\": {\"domain_expertise\": 80, \"unique_strengths\": [\"고객 요구에 대한 높은 이해도.\", \"금융 및 연금 관련 지식.\"], \"industry_knowledge\": 75, \"competitive_advantages\": [\"다양한 팀워크 경험으로 협업 능력 우수.\", \"공공기관에서 필요한 직업 윤리에 대한 강한 신념.\"]}, \"problem_solving\": {\"case_examples\": [\"고객 민원 사항을 분석하여 ATM 사용법 안내로 대기 시간 감소.\", \"금융 동아리 활동 지원금의 정직한 사용을 통해 우수 동아리로 선정.\"], \"approach_style\": \"일반적 해결 중심으로 체계적인 접근 방식을 선호함.\", \"creative_solutions\": 70, \"analytical_thinking\": 85}, \"growth_potential\": {\"assessment\": \"지속적인 학습과 새로운 기술 습득을 통해 성장 가능성이 높음.\", \"adaptability\": 80, \"learning_ability\": 90, \"innovation_capacity\": 75}, \"core_competencies\": {\"soft_skills\": [\"의사소통 능력: 다양한 팀과 협력하며 기술적 요구사항을 효과적으로 전달하는 능력.\", \"문제 해결 능력: 고객 요구사항에 대한 신속하고 효과적인 해결 방안을 제시하는 능력.\"], \"expertise_level\": \"초급\", \"technical_skills\": [\"Java: 다양한 애플리케이션 개발에 사용되는 객체 지향 프로그래밍 언어로, 공공기관 IT 시스템 구축에 적합함.\", \"Spring: Java 기반의 웹 애플리케이션 프레임워크로, 효율적인 개발 환경을 제공하여 프로젝트 리딩에 유리함.\"]}, \"improvement_areas\": {\"weaknesses\": [\"전문성 수준이 초급으로, 실무 경험이 부족함.\", \"창의적인 문제 해결 능력이 상대적으로 낮음.\"], \"recommendations\": [\"현업 경험을 통해 실무 능력 강화.\", \"문제 해결을 위한 다양한 방법론 학습.\"], \"development_needs\": [\"실무 경험을 통한 전문성 향상.\", \"창의적 접근 방식을 위한 교육 및 훈련.\"]}, \"objective_analysis\": {\"growth_analysis\": {\"adaptability\": 0, \"learning_ability\": 100, \"growth_indicators\": {\"continuous_learning\": true, \"certification_effort\": true, \"new_skill_acquisition\": true}, \"innovation_capacity\": 0}, \"expertise_analysis\": {\"expertise_level\": \"초급\", \"domain_expertise\": 50, \"unique_strengths\": [], \"industry_knowledge\": 25, \"competitive_advantages\": []}, \"experience_analysis\": {\"depth_score\": 100, \"breadth_score\": 100, \"depth_analysis\": {\"technical_expertise\": true, \"large_scale_projects\": true, \"leadership_experience\": true}, \"breadth_analysis\": {\"role_diversity\": 5, \"tech_diversity\": 1, \"industry_experience\": 2}}, \"problem_solving_analysis\": {\"case_examples\": [\"기 위한 맞춤형 복지제도가 현장에서 널리 활용될 수 있어야 합니다\", \"능력입니다\"], \"creative_solutions\": 33, \"analytical_thinking\": 66, \"problem_solving_style\": \"일반적 해결 중심\"}}, \"overall_assessment\": {\"key_reasons\": [\"강력한 학습 능력과 문제 해결 능력.\", \"팀워크 및 협업 경험이 풍부함.\", \"공공기관에서 요구되는 직업 윤리에 대한 신념.\"], \"job_fit_score\": 82, \"overall_rating\": \"A-\", \"hiring_recommendation\": \"추천\"}, \"experience_analysis\": {\"depth_score\": 85, \"breadth_score\": 70, \"quality_assessment\": \"다양한 프로젝트 경험과 리더십 역할을 통해 경험의 질이 높음.\", \"standout_experiences\": [\"스마트 프로젝트 팀장 경험을 통해 기술적 리더십을 발휘함.\", \"소프트웨어 동아리 부회장으로 활동하며 팀워크와 조직 운영 경험을 쌓음.\"]}, \"leadership_collaboration\": {\"examples\": [\"소프트웨어 동아리 부회장으로 정기 스터디 및 해커톤을 주최함.\", \"스마트 프로젝트 팀장으로 팀원 간의 협력과 의사소통을 촉진함.\"], \"teamwork_score\": 85, \"leadership_score\": 75, \"communication_score\": 80}}}, \"summary\": {\"key_insights\": [], \"analysis_count\": 1, \"overall_scores\": {\"average_score\": 82.0, \"detailed_score\": 82}, \"recommendations\": [\"강력 추천 - 우수한 후보자\"], \"completed_analyses\": [\"detailed\"]}, \"metadata\": {\"company_id\": null, \"jobpost_id\": null, \"enabled_tools\": [\"detailed\"], \"application_id\": null, \"analysis_timestamp\": 1753645999.9600315, \"total_processing_time\": 16.19619083404541}}','1.0',17.5716,'2025-07-27 19:53:36','2025-07-27 19:53:36'),(13,59,59,17,4,'applicant_comparison','{\"interview_focus\": [\"공공기관의 직업윤리에 대한 깊은 이해와 실천의지\", \"프로젝트 리딩 경험을 통한 문제해결 능력 강조\"], \"hiring_probability\": {\"key_factors\": [\"직무 관련 자격증 및 전문성\", \"리더십 경험과 팀워크 능력\"], \"risk_factors\": [\"실제 프로젝트 경험 부족\", \"경쟁자들의 강력한 경력 및 경험\"], \"success_rate\": \"70%\"}, \"competition_analysis\": {\"rank_explanation\": \"지원자는 전자공학 전공과 관련 자격증을 보유하고 있으며, 관련 프로젝트 및 동아리 활동에서의 리더십 경험이 돋보입니다. 또한, 공공기관의 직업윤리와 관련된 구체적인 사례를 제시하여 직무와의 연관성을 잘 설명하고 있습니다.\", \"estimated_ranking\": \"상위 10%\", \"competitiveness_grade\": \"A\", \"total_applicants_analyzed\": 6}, \"competitive_strategy\": {\"positioning\": \"공공기관 IT사업 PM/PL 직무에 적합한 후보로서의 전문성과 책임감 강조\", \"unique_value\": \"사회적 가치 창출에 대한 강한 의지와 관련 경험\", \"appeal_points\": [\"공공기관과 관련된 직무에 대한 깊은 이해와 준비성\", \"자신의 경험을 통해 얻은 교훈과 신념\"]}, \"comparative_strengths\": [\"전자공학 전공 및 관련 자격증 보유 (정보처리기사, SQLD)\", \"리더십 경험 (소프트웨어 동아리 부회장, 스마트 프로젝트 팀장)\"], \"comparative_weaknesses\": [\"실제 공공 SI 프로젝트 경험 부족\", \"직무 관련 경력 사항이 상대적으로 적음\"], \"differentiation_points\": [\"공공기관의 직업윤리와 관련된 구체적인 사례 제시\", \"금융 관련 자격증 및 경험을 통한 전문성\"], \"other_applicants_summary\": [{\"name\": \"홍인준\", \"major\": \"정보 없음\", \"education\": \"OO고등학교\", \"strengths\": [\"문제 해결 능력\", \"열정적인 성격\"], \"weaknesses\": [\"관련 자격증 부족\", \"직무 관련 경험 부족\"], \"threat_reason\": \"직무와 관련된 경험이나 자격증이 전혀 없음\", \"competitive_threat\": \"낮음\"}, {\"name\": \"홍길동42\", \"major\": \"전자공학과\", \"education\": \"OO대학교 대학원\", \"strengths\": [\"대학원 교육 배경\", \"전문적 지식\"], \"weaknesses\": [\"실제 프로젝트 경험 부족\", \"직무 관련 경험 부족\"], \"threat_reason\": \"전공 지식은 뛰어나지만 실무 경험이 부족함\", \"competitive_threat\": \"보통\"}, {\"name\": \"홍사삼\", \"major\": \"전자공학과\", \"education\": \"OO대학교 대학원\", \"strengths\": [\"체계적인 문제 해결 능력\", \"열정적인 성격\"], \"weaknesses\": [\"구체적인 경험 부족\", \"직무 관련 활동 부족\"], \"threat_reason\": \"성격과 문제 해결 능력은 뛰어나지만 구체적인 경험이 부족함\", \"competitive_threat\": \"보통\"}, {\"name\": \"홍사사\", \"major\": \"전자공학과\", \"education\": \"OO대학교\", \"strengths\": [\"사람들에 대한 배려\", \"팀워크 능력\"], \"weaknesses\": [\"구체적인 경험 부족\", \"직무 관련 전문성 부족\"], \"threat_reason\": \"직무 관련 경험이 부족함\", \"competitive_threat\": \"낮음\"}, {\"name\": \"홍사오\", \"major\": \"전자공학과\", \"education\": \"OO대학교\", \"strengths\": [\"고객 중심의 사고\", \"장기적인 비전\"], \"weaknesses\": [\"직무 관련 기술 부족\", \"구체적인 경험 부족\"], \"threat_reason\": \"영업 직무에 대한 지원으로, IT 기술과 관련된 경험이 부족함\", \"competitive_threat\": \"낮음\"}]}','1.0',17.2016,'2025-07-27 19:53:54','2025-07-27 19:53:54'),(14,59,59,17,4,'impact_points','{\"cautions\": [\"주의사항1: 공공기관 IT사업 PM/PL 역할에 대한 경험이 부족할 수 있으며, 관련 경력이 구체적으로 명시되어 있지 않아 실무 능력에 대한 우려가 있을 수 있음.\", \"주의사항2: 기술적 역량에 대한 설명이 다소 제한적이며, 특히 PM/PL 역할에서 필요한 프로젝트 관리 경험이나 리더십 경험이 부족할 수 있음.\"], \"strengths\": [\"강점1: 공공기관에서의 직업윤리에 대한 깊은 이해와 이를 기반으로 한 신뢰 구축의 중요성을 강조하며, 구체적인 사례를 통해 정직한 업무 수행의 성과를 명확하게 설명함.\", \"강점2: 세대 간 갈등 해결을 위한 구체적인 접근 방안을 제시하며, 각 세대의 이해와 소통을 강조하여 사회적 이슈에 대한 인식과 해결 능력을 보여줌.\", \"강점3: 연금 및 복지 관련 전문성을 강조하며, 관련 자격증 보유와 실무 경험을 통해 직무 수행에 필요한 역량을 명확히 하고 있음.\"], \"interview_points\": [\"면접 포인트1: 공공기관 IT사업 PM/PL 역할에 적합한 경험이 부족한 점에 대해 어떻게 준비하고 대처할 것인지 구체적인 계획을 묻는 질문.\", \"면접 포인트2: 다양한 기술 스택(예: Java, Spring, MySQL 등)에서의 실무 경험을 구체적으로 설명하고, 이를 PM/PL 역할에 어떻게 활용할 수 있을지에 대한 질문.\"], \"additional_insights\": \"후보자는 공공기관의 직업윤리에 대한 깊은 이해와 사회적 책임을 중시하며, 문제 해결 능력을 갖춘 인재로 보인다. 하지만 PM/PL 역할에 대한 경험 부족이 우려되므로, 이 부분을 보완할 수 있는 구체적인 사례나 계획을 제시하는 것이 필요하다.\"}','1.0',7.05648,'2025-07-27 19:54:02','2025-07-27 19:54:02'),(15,68,68,17,4,'comprehensive','{\"soft_skills\": [\"커뮤니케이션\", \"리더십\", \"책임감\", \"문제 해결 능력\"], \"key_projects\": [\"스마트 시스템 개발 프로젝트 - 팀장 역할\", \"이벤트 콘텐츠 기획 - 팔로워 증가 기여\", \"패션 이커머스 검색화면 개선 프로젝트 - 문제점 도출\"], \"resume_summary\": \"지원자는 전자공학을 전공하며 다양한 IT 및 기획 경험을 쌓아왔습니다. 고객 중심의 사고를 바탕으로 데이터 기반 기획 역량을 갖추고 있으며, 팀원들과의 협업을 통해 성과를 낸 경험이 있습니다.\", \"technical_skills\": [\"Java\", \"Spring\", \"JPA\", \"MySQL\", \"JavaScript\", \"React\", \"Linux\"], \"job_matching_score\": 0.78, \"portfolio_analysis\": \"포트폴리오 정보가 없어 구체적인 분석이 불가능함.\", \"potential_concerns\": [\"공공 SI 프로젝트 경험 부족\", \"기술 중심 리딩 경험의 실제 사례 부족\"], \"job_matching_details\": \"지원자의 기술 스택과 경험이 공공기관 IT사업 PM/PL 직무에 잘 부합함. 특히, Java와 Spring에 대한 이해도가 높아 긍정적인 평가를 받을 수 있음.\", \"experience_highlights\": [\"조회수 600% 성장시킨 콘텐츠 기획 경험\", \"부트캠프에서 데이터 기반 기획 역량 강화\", \"마케팅 대행사에서 주도적으로 역할 확장\"], \"interview_focus_areas\": [\"IT 프로젝트 관리 경험\", \"공공기관 요구사항 분석 능력\", \"팀워크 및 커뮤니케이션 사례\"]}','1.0',8.8185,'2025-07-27 20:09:29','2025-07-27 20:09:29'),(16,68,68,17,4,'detailed','{\"errors\": {}, \"results\": {\"detailed\": {\"specialization\": {\"domain_expertise\": 80, \"unique_strengths\": [\"데이터 기반 기획 역량\", \"고객 중심의 문제 해결 접근 방식\"], \"industry_knowledge\": 75, \"competitive_advantages\": [\"다양한 경험을 통해 얻은 시야\", \"강한 책임감과 실행력\"]}, \"problem_solving\": {\"case_examples\": [\"고객의 피드백을 바탕으로 콘텐츠 개선안을 도출한 경험\", \"부대 안전교육 영상 기획 과정에서의 문제 해결\"], \"approach_style\": \"효율적 해결 중심으로, 데이터와 고객의 목소리를 반영하여 문제를 접근\", \"creative_solutions\": 70, \"analytical_thinking\": 85}, \"growth_potential\": {\"assessment\": \"지속적인 학습과 새로운 기술 습득을 통해 빠르게 성장할 가능성이 높음.\", \"adaptability\": 80, \"learning_ability\": 90, \"innovation_capacity\": 75}, \"core_competencies\": {\"soft_skills\": [\"문제 해결 능력: 다양한 경험을 통해 복잡한 문제를 효과적으로 해결\", \"의사소통 능력: 팀 내외부와의 원활한 소통을 통해 협업 강화\", \"책임감: 업무를 성실히 수행하며 결과에 대한 책임을 다함\"], \"expertise_level\": \"초급\", \"technical_skills\": [\"Java: 웹 기반 애플리케이션 개발 및 유지보수에 활용\", \"Spring: 프레임워크를 통한 효율적인 웹 시스템 구축 경험\", \"MySQL: 데이터베이스 설계 및 쿼리 작성 능력\", \"React: 사용자 인터페이스 개발을 위한 프론트엔드 기술\"]}, \"improvement_areas\": {\"weaknesses\": [\"공공기관 IT 분야의 경험 부족\", \"전문 기술에 대한 심화 학습 필요\"], \"recommendations\": [\"실무 경험을 통한 지속적인 기술 습득\", \"멘토링 프로그램 참여를 통해 전문성 강화\"], \"development_needs\": [\"프로젝트 관리 및 리딩 경험 확대\", \"고급 기술 스택 습득을 위한 추가 교육\"]}, \"objective_analysis\": {\"growth_analysis\": {\"adaptability\": 40, \"learning_ability\": 100, \"growth_indicators\": {\"continuous_learning\": true, \"certification_effort\": true, \"new_skill_acquisition\": true}, \"innovation_capacity\": 66}, \"expertise_analysis\": {\"expertise_level\": \"초급\", \"domain_expertise\": 40, \"unique_strengths\": [\"최고\", \"특별한\", \"최고의\"], \"industry_knowledge\": 100, \"competitive_advantages\": []}, \"experience_analysis\": {\"depth_score\": 100, \"breadth_score\": 100, \"depth_analysis\": {\"technical_expertise\": true, \"large_scale_projects\": true, \"leadership_experience\": true}, \"breadth_analysis\": {\"role_diversity\": 3, \"tech_diversity\": 1, \"industry_experience\": 2}}, \"problem_solving_analysis\": {\"case_examples\": [\"을 진행한 결과였습니다\", \"기획 프로세스를 숙달하였고, 유저 리서치와 지표 설계 및 분석 등을 실습하며 고객의 목소리에서 아이디어를 도출하고 이를 검증하는 과정을 이해하게 되었습니다\", \"기획 프로젝트에 참여했습니다\"], \"creative_solutions\": 33, \"analytical_thinking\": 100, \"problem_solving_style\": \"효율적 해결 중심\"}}, \"overall_assessment\": {\"key_reasons\": [\"고객 중심의 문제 해결 능력과 경험\", \"기술적 역량과 빠른 학습 능력\", \"팀워크와 커뮤니케이션 능력으로 인한 협업 가능성\"], \"job_fit_score\": 82, \"overall_rating\": \"A-\", \"hiring_recommendation\": \"추천\"}, \"experience_analysis\": {\"depth_score\": 85, \"breadth_score\": 70, \"quality_assessment\": \"다양한 경력을 보유하였으나, 특정 분야에서의 깊이는 부족함.\", \"standout_experiences\": [\"조회수를 600% 성장시킨 콘텐츠 기획 경험\", \"스마트 시스템 개발 프로젝트에서 팀장 역할\"]}, \"leadership_collaboration\": {\"examples\": [\"소프트웨어 동아리 부회장으로서 팀 프로젝트를 주도한 경험\", \"군 복무 중 팀원들과의 협업을 통해 성과를 이끌어낸 사례\"], \"teamwork_score\": 85, \"leadership_score\": 75, \"communication_score\": 80}}}, \"summary\": {\"key_insights\": [], \"analysis_count\": 1, \"overall_scores\": {\"average_score\": 82.0, \"detailed_score\": 82}, \"recommendations\": [\"강력 추천 - 우수한 후보자\"], \"completed_analyses\": [\"detailed\"]}, \"metadata\": {\"company_id\": null, \"jobpost_id\": null, \"enabled_tools\": [\"detailed\"], \"application_id\": null, \"analysis_timestamp\": 1753647645.6294894, \"total_processing_time\": 13.318681955337524}}','1.0',14.6022,'2025-07-27 20:20:59','2025-07-27 20:20:59'),(17,68,68,17,4,'applicant_comparison','{\"interview_focus\": [\"이전 프로젝트에서의 구체적인 성과 및 기여 강조\", \"팀워크와 커뮤니케이션 경험을 통한 문제 해결 사례 공유\"], \"hiring_probability\": {\"key_factors\": [\"기술적 역량과 경험\", \"고객 중심의 문제 해결 접근\"], \"risk_factors\": [\"직무 관련 경험 부족\", \"경쟁 지원자와의 차별화 부족 가능성\"], \"success_rate\": \"70%\"}, \"competition_analysis\": {\"rank_explanation\": \"지원자는 공공기관 IT사업 PM/PL 역할에 적합한 경험과 기술 역량을 갖추고 있으며, 이력서에 나타난 다양한 실무 경험과 성과는 다른 지원자에 비해 두드러진 강점으로 작용하기 때문입니다.\", \"estimated_ranking\": \"상위 10%\", \"competitiveness_grade\": \"A\", \"total_applicants_analyzed\": 6}, \"competitive_strategy\": {\"positioning\": \"고객 중심 기획과 실무 경험을 바탕으로 한 문제 해결 능력 강조\", \"unique_value\": \"고객의 목소리에 귀 기울이며 신속하게 대응하는 능력\", \"appeal_points\": [\"IT 서비스 기획 부트캠프 참여 경험\", \"성공적인 프로젝트 관리 경험\"]}, \"comparative_strengths\": [\"IT 관련 다양한 프로젝트 경험과 기술적 이해도 (Java, Spring 등) 보유\", \"실무에서의 성과 기반으로 한 데이터 분석 능력과 기획 역량\"], \"comparative_weaknesses\": [\"직무 관련 구체적 공공 SI 프로젝트 경험 부족 (다른 지원자들에 비해)\", \"면접에서의 경험 기반 이야기 부족 가능성\"], \"differentiation_points\": [\"다양한 직무에서의 기획 경험을 통해 쌓은 폭넓은 시야\", \"고객 중심의 접근 방식과 신속한 의사결정 경험\"], \"other_applicants_summary\": [{\"name\": \"홍인준\", \"major\": \"정보 없음\", \"education\": \"OO고등학교\", \"strengths\": [\"열정적인 문제 해결 능력\", \"프로그래밍에 대한 깊은 열정\"], \"weaknesses\": [\"공식적인 경험 부족\", \"구체적 프로젝트 성과 부족\"], \"threat_reason\": \"지원자는 실무 경험이 부족하여 현재 지원자와 비교했을 때 경쟁력이 낮음.\", \"competitive_threat\": \"낮음\"}, {\"name\": \"홍길동42\", \"major\": \"전자공학과\", \"education\": \"OO대학교 대학원\", \"strengths\": [\"대학원 과정에서의 심화 학습\", \"자동차 산업에 대한 이해\"], \"weaknesses\": [\"구체적 직무 경험 부족\", \"실제 프로젝트 경험의 깊이 부족\"], \"threat_reason\": \"전문 지식은 있지만 실무 경험이 부족하여 현재 지원자와 비슷한 수준.\", \"competitive_threat\": \"보통\"}, {\"name\": \"홍사삼\", \"major\": \"전자공학과\", \"education\": \"OO대학교 대학원\", \"strengths\": [\"강한 문제 해결 능력\", \"성취 지향적인 태도\"], \"weaknesses\": [\"직무 적합성 부족\", \"구체적인 성과 제시 부족\"], \"threat_reason\": \"지원자는 다양한 경험을 보유하고 있어 현재 지원자보다 우수할 수 있음.\", \"competitive_threat\": \"높음\"}, {\"name\": \"홍사사\", \"major\": \"전자공학과\", \"education\": \"OO대학교\", \"strengths\": [\"팀워크에 대한 가치관\", \"사회적 기여에 대한 열의\"], \"weaknesses\": [\"구체적 기술 역량 부족\", \"직무 관련 경험 부족\"], \"threat_reason\": \"기술적 역량이 부족하여 현재 지원자와 비교했을 때 경쟁력이 낮음.\", \"competitive_threat\": \"낮음\"}, {\"name\": \"홍사오\", \"major\": \"전자공학과\", \"education\": \"OO대학교\", \"strengths\": [\"고객 지향적인 사고\", \"미래 지향적인 비전\"], \"weaknesses\": [\"기술적 경험 부족\", \"구체적 성과 제시 부족\"], \"threat_reason\": \"기술적 역량이 부족하여 현재 지원자와 비교했을 때 경쟁력이 낮음.\", \"competitive_threat\": \"낮음\"}]}','1.0',19.5699,'2025-07-27 20:21:39','2025-07-27 20:21:39'),(18,45,45,17,4,'detailed','{\"errors\": {}, \"results\": {\"detailed\": {\"specialization\": {\"domain_expertise\": 80, \"unique_strengths\": [\"지속적인 자기 개발 의지.\", \"사회 공헌에 대한 높은 관심.\"], \"industry_knowledge\": 75, \"competitive_advantages\": [\"금융 분야의 영업 경험.\", \"IT 기술과 고객 니즈 분석 능력.\"]}, \"problem_solving\": {\"case_examples\": [\"사회 공헌 아이디어 공모전에서 지역 영업점을 활용한 복합문화공간 기획.\", \"스마트 프로젝트에서 센서 데이터를 활용한 시스템 개발.\"], \"approach_style\": \"구체적인 분석과 검토를 통한 문제 해결 접근 방식.\", \"creative_solutions\": 70, \"analytical_thinking\": 85}, \"growth_potential\": {\"assessment\": \"새로운 기술 습득에 적극적이며, 변동하는 환경에 잘 적응하는 것으로 평가됨.\", \"adaptability\": 80, \"learning_ability\": 90, \"innovation_capacity\": 75}, \"core_competencies\": {\"soft_skills\": [\"의사소통 능력: 다양한 이해관계자와의 원활한 소통을 통해 프로젝트 효율성을 높임.\", \"문제 해결 능력: 팀 내 문제를 효과적으로 진단하고 해결하려는 접근 방식 보유.\"], \"expertise_level\": \"초급\", \"technical_skills\": [\"Java: 객체지향 프로그래밍 언어로, 소프트웨어 개발에 폭넓게 사용됨.\", \"Spring: Java 기반의 애플리케이션 개발 프레임워크로, 웹 애플리케이션 제작에 강점.\", \"MySQL: 관계형 데이터베이스 관리 시스템으로, 데이터 저장 및 관리에 중점.\", \"React: 사용자 인터페이스 구축을 위한 JavaScript 라이브러리로, SPA 개발에 적합.\"]}, \"improvement_areas\": {\"weaknesses\": [\"실무 경험 부족.\", \"신기술에 대한 경험의 깊이가 제한적.\"], \"recommendations\": [\"현업 관련 교육 및 자격증 취득.\", \"멘토링 프로그램 참여로 실무 경험 축적.\"], \"development_needs\": [\"고급 개발 기술 습득.\", \"프로젝트 관리 및 리더십 능력 강화.\"]}, \"objective_analysis\": {\"growth_analysis\": {\"adaptability\": 20, \"learning_ability\": 75, \"growth_indicators\": {\"continuous_learning\": false, \"certification_effort\": true, \"new_skill_acquisition\": true}, \"innovation_capacity\": 0}, \"expertise_analysis\": {\"expertise_level\": \"초급\", \"domain_expertise\": 40, \"unique_strengths\": [], \"industry_knowledge\": 25, \"competitive_advantages\": [\"경쟁력\"]}, \"experience_analysis\": {\"depth_score\": 100, \"breadth_score\": 100, \"depth_analysis\": {\"technical_expertise\": false, \"large_scale_projects\": true, \"leadership_experience\": true}, \"breadth_analysis\": {\"role_diversity\": 2, \"tech_diversity\": 1, \"industry_experience\": 1}}, \"problem_solving_analysis\": {\"case_examples\": [], \"creative_solutions\": 0, \"analytical_thinking\": 66, \"problem_solving_style\": \"일반적 해결 중심\"}}, \"overall_assessment\": {\"key_reasons\": [\"기술 스킬과 경험의 조화.\", \"적극적인 문제 해결 접근 방식.\", \"강한 성장 가능성.\"], \"job_fit_score\": 82, \"overall_rating\": \"A-\", \"hiring_recommendation\": \"추천\"}, \"experience_analysis\": {\"depth_score\": 85, \"breadth_score\": 70, \"quality_assessment\": \"공모전 및 프로젝트 경험을 통해 창의적 문제 해결력과 팀 작업 능력을 입증함.\", \"standout_experiences\": [\"사회 공헌 아이디어 공모전에서 장려상 수상 경험.\", \"스마트 시스템 개발 프로젝트에서 팀장 역할 수행.\"]}, \"leadership_collaboration\": {\"examples\": [\"소프트웨어 동아리 부회장으로서 팀의 정기 스터디 및 해커톤 주최.\", \"스마트 프로젝트에서 팀 리더로서 팀원들과의 협업을 통해 목표 달성.\"], \"teamwork_score\": 85, \"leadership_score\": 75, \"communication_score\": 80}}}, \"summary\": {\"key_insights\": [], \"analysis_count\": 1, \"overall_scores\": {\"average_score\": 82.0, \"detailed_score\": 82}, \"recommendations\": [\"강력 추천 - 우수한 후보자\"], \"completed_analyses\": [\"detailed\"]}, \"metadata\": {\"company_id\": null, \"jobpost_id\": null, \"enabled_tools\": [\"detailed\"], \"application_id\": null, \"analysis_timestamp\": 1753648415.734105, \"total_processing_time\": 11.081276893615724}}','1.0',12.1039,'2025-07-27 20:33:47','2025-07-27 20:33:47'),(19,60,60,17,4,'detailed','{\"errors\": {}, \"results\": {\"detailed\": {\"specialization\": {\"domain_expertise\": 50, \"unique_strengths\": [\"고객 이해 중심의 서비스 제공\", \"문제 해결을 위한 창의적인 접근\"], \"industry_knowledge\": 60, \"competitive_advantages\": []}, \"problem_solving\": {\"case_examples\": [\"ATM 사용법 안내를 통해 고객 대기시간 문제 해결\", \"동아리 행사 참여도 향상을 위한 사진 전시 방안 개선\"], \"approach_style\": \"문제 해결 중심으로 접근하며, 실질적인 개선 방안을 도출.\", \"creative_solutions\": 70, \"analytical_thinking\": 80}, \"growth_potential\": {\"assessment\": \"높은 학습 능력을 바탕으로 새로운 기술 습득 의지가 강하며, 적응력도 양호.\", \"adaptability\": 75, \"learning_ability\": 90, \"innovation_capacity\": 80}, \"core_competencies\": {\"soft_skills\": [\"문제 해결 능력: 다양한 상황에서 문제를 분석하고 해결 방안을 제시하는 능력.\", \"의사소통 능력: 팀원 및 외부 이해관계자와의 효과적인 소통을 통한 협력 유도.\"], \"expertise_level\": \"초급\", \"technical_skills\": [\"Java: 객체 지향 프로그래밍 언어로, 공공기관 IT 시스템 개발에 적합.\", \"Spring: 프레임워크를 이용한 웹 애플리케이션 개발 경험.\", \"MySQL: 데이터베이스 설계 및 관리 능력 보유.\", \"React: 사용자 인터페이스 개발을 위한 JavaScript 라이브러리 사용 경험.\"]}, \"improvement_areas\": {\"weaknesses\": [\"특정 기술적 전문성이 부족\", \"공공기관 관련 경험의 깊이 부족\"], \"recommendations\": [\"관련 분야의 프로젝트 경험을 통해 실무 능력 향상\", \"정기적인 기술 교육 참여로 기술적 깊이 강화\"], \"development_needs\": [\"공공 SI 프로젝트 경험 강화\", \"전문 자격증 추가 취득\"]}, \"objective_analysis\": {\"growth_analysis\": {\"adaptability\": 20, \"learning_ability\": 100, \"growth_indicators\": {\"continuous_learning\": true, \"certification_effort\": true, \"new_skill_acquisition\": false}, \"innovation_capacity\": 99}, \"expertise_analysis\": {\"expertise_level\": \"초급\", \"domain_expertise\": 20, \"unique_strengths\": [\"차별화된\"], \"industry_knowledge\": 50, \"competitive_advantages\": []}, \"experience_analysis\": {\"depth_score\": 80, \"breadth_score\": 100, \"depth_analysis\": {\"technical_expertise\": false, \"large_scale_projects\": true, \"leadership_experience\": true}, \"breadth_analysis\": {\"role_diversity\": 3, \"tech_diversity\": 1, \"industry_experience\": 2}}, \"problem_solving_analysis\": {\"case_examples\": [\"능력을 통해 필요한 역량을 갖출 수 있었습니다\", \"능력입니다\", \"과 성과를 창출할 수 있었습니다\"], \"creative_solutions\": 33, \"analytical_thinking\": 66, \"problem_solving_style\": \"문제 해결 중심\"}}, \"overall_assessment\": {\"key_reasons\": [\"높은 학습 능력과 문제 해결 능력\", \"다양한 경험을 통한 실무 이해도\", \"공공기관의 가치에 부합하는 가치관\"], \"job_fit_score\": 82, \"overall_rating\": \"A-\", \"hiring_recommendation\": \"추천\"}, \"experience_analysis\": {\"depth_score\": 80, \"breadth_score\": 70, \"quality_assessment\": \"다양한 경험을 통해 실무 역량을 쌓았으나, 특정 기술적 깊이가 부족.\", \"standout_experiences\": [\"퇴직연금 및 일자리안정자금 업무 수행 경험\", \"금융 교육 프로그램 기획 및 실행 경험\"]}, \"leadership_collaboration\": {\"examples\": [\"소프트웨어 동아리 부회장으로서의 활동 및 해커톤 주최 경험\", \"금융 교육 프로그램 기획 시 팀원과의 원활한 소통을 통한 협력\"], \"teamwork_score\": 85, \"leadership_score\": 70, \"communication_score\": 80}}}, \"summary\": {\"key_insights\": [], \"analysis_count\": 1, \"overall_scores\": {\"average_score\": 82.0, \"detailed_score\": 82}, \"recommendations\": [\"강력 추천 - 우수한 후보자\"], \"completed_analyses\": [\"detailed\"]}, \"metadata\": {\"company_id\": null, \"jobpost_id\": null, \"enabled_tools\": [\"detailed\"], \"application_id\": null, \"analysis_timestamp\": 1753648635.5820673, \"total_processing_time\": 13.581827402114868}}','1.0',14.6284,'2025-07-27 20:37:29','2025-07-27 20:37:29'),(20,42,42,17,4,'impact_points','{\"cautions\": [\"이력서에서 주의사항을 분석할 수 없습니다.\"], \"strengths\": [\"이력서에서 강점을 분석할 수 없습니다.\"], \"interview_points\": [\"이력서에서 면접 포인트를 분석할 수 없습니다.\"], \"additional_insights\": \"이력서 기반 임팩트 포인트 분석이 완료되었습니다.\"}','1.0',9.38859,'2025-07-28 05:09:41','2025-07-28 05:09:41');

--
-- Table structure for table `analysis_result`
--

/*!40000 ALTER TABLE `analysis_result` ENABLE KEYS */;
UNLOCK TABLES;


--
-- Table structure for table `written_test_question`
--

DROP TABLE IF EXISTS `written_test_question`;
/*!40101 SET @saved_cs_client     = @@character_set_client */;
/*!50503 SET character_set_client = utf8mb4 */;
CREATE TABLE `written_test_question` (
  `id` int NOT NULL AUTO_INCREMENT,
  `jobpost_id` int NOT NULL,
  `question_type` varchar(20) NOT NULL,
  `question_text` text NOT NULL,
  `created_at` datetime DEFAULT CURRENT_TIMESTAMP,
  `updated_at` datetime DEFAULT CURRENT_TIMESTAMP ON UPDATE CURRENT_TIMESTAMP,
  PRIMARY KEY (`id`),
  KEY `fk_written_test_jobpost` (`jobpost_id`),
  CONSTRAINT `fk_written_test_jobpost` FOREIGN KEY (`jobpost_id`) REFERENCES `jobpost` (`id`) ON DELETE CASCADE
) ENGINE=InnoDB AUTO_INCREMENT=16 DEFAULT CHARSET=utf8mb4 COLLATE=utf8mb4_0900_ai_ci;
/*!40101 SET character_set_client = @saved_cs_client */;

--
-- Dumping data for table `written_test_question`
--

LOCK TABLES `written_test_question` WRITE;
/*!40000 ALTER TABLE `written_test_question` DISABLE KEYS */;

INSERT INTO `written_test_question` VALUES (1,2,'aptitude','1. 법인/기업 고객과의 영업에서 성공적인 결과를 이끌어낸 경험을 구체적으로 설명하세요.','2025-07-15 03:27:31','2025-07-15 03:27:31'),(2,2,'aptitude','2. 신규 거래처를 발굴하기 위해 어떠한 전략을 수립하고 실행해본 적이 있는지 서술하세요.','2025-07-15 03:27:31','2025-07-15 03:27:31'),(3,2,'aptitude','3. 영업 목표를 달성하기 위해 예상치 못한 난관에 부딪혔을 때, 이를 어떻게 극복했는지 설명하세요.','2025-07-15 03:27:31','2025-07-15 03:27:31'),(4,1,'aptitude','1. 사내 행사를 기획하고 운영한 경험이 있다면, 그 과정에서 직면한 도전과 이를 어떻게 해결했는지 설명하세요.','2025-07-15 03:31:02','2025-07-15 03:31:02'),(5,1,'aptitude','2. 팀 내 커뮤니케이션 문제를 해결했던 경험이 있다면, 그 상황과 결과에 대해 설명해 주세요.','2025-07-15 03:31:02','2025-07-15 03:31:02'),(6,1,'aptitude','3. 여러 업무를 동시에 처리해야 했던 상황에서 우선순위를 어떻게 결정하고 관리했는지 구체적인 사례를 들어 설명하세요.','2025-07-15 03:31:02','2025-07-15 03:31:02'),(7,44,'coding','1. 주어진 배열에서 중복되지 않는 첫 번째 정수를 찾는 함수를 구현하세요.','2025-07-15 06:45:07','2025-07-15 06:45:07'),(8,44,'coding','2. 두 개의 정수 배열이 주어질 때, 두 배열의 교집합을 반환하는 프로그램을 작성하세요.','2025-07-15 06:45:08','2025-07-15 06:45:08'),(9,44,'coding','3. 주어진 문자열에서 각 단어의 출현 빈도를 계산하여 출력하는 프로그램을 작성하세요.','2025-07-15 06:45:08','2025-07-15 06:45:08'),(10,3,'aptitude','1. 자재 발주 및 입고 관리 업무에서의 실수를 예방하기 위한 본인의 방법을 구체적으로 설명하세요.','2025-07-21 03:02:44','2025-07-21 03:02:44'),(11,3,'aptitude','2. 공급사와의 협상에서 성공적으로 단가를 절감했던 경험을 구체적으로 서술해 주세요.','2025-07-21 03:02:45','2025-07-21 03:02:45'),(12,3,'aptitude','3. 재고 및 물류 연동 관리에서 발생할 수 있는 문제를 미리 예측하고 대비하기 위한 전략을 설명하세요.','2025-07-21 03:02:45','2025-07-21 03:02:45'),(13,17,'coding','1. 주어진 배열에서 중복된 원소를 제거하고 오름차순으로 정렬된 배열을 반환하는 프로그램을 작성하세요.','2025-07-21 06:14:49','2025-07-21 06:14:49'),(14,17,'coding','2. 주어진 문자열에서 각 단어의 첫 번째 글자를 대문자로 변환하는 함수를 구현하세요.','2025-07-21 06:14:49','2025-07-21 06:14:49'),(15,17,'coding','3. 주어진 2차원 배열(행렬)에서 각 행의 평균을 계산하여 새로운 배열로 반환하는 프로그램을 작성하세요.','2025-07-21 06:14:50','2025-07-21 06:14:50');

/*!40000 ALTER TABLE `written_test_question` ENABLE KEYS */;
UNLOCK TABLES;


--
-- Table structure for table `written_test_answer`
--

DROP TABLE IF EXISTS `written_test_answer`;
/*!40101 SET @saved_cs_client     = @@character_set_client */;
/*!50503 SET character_set_client = utf8mb4 */;
CREATE TABLE `written_test_answer` (
  `id` int NOT NULL AUTO_INCREMENT,
  `user_id` int NOT NULL,
  `jobpost_id` int NOT NULL,
  `question_id` int NOT NULL,
  `answer_text` text NOT NULL,
  `score` float DEFAULT NULL,
  `feedback` text,
  `created_at` datetime DEFAULT CURRENT_TIMESTAMP,
  `updated_at` datetime DEFAULT CURRENT_TIMESTAMP ON UPDATE CURRENT_TIMESTAMP,
  PRIMARY KEY (`id`),
  KEY `user_id` (`user_id`),
  KEY `jobpost_id` (`jobpost_id`),
  KEY `question_id` (`question_id`),
  CONSTRAINT `written_test_answer_ibfk_1` FOREIGN KEY (`user_id`) REFERENCES `users` (`id`),
  CONSTRAINT `written_test_answer_ibfk_2` FOREIGN KEY (`jobpost_id`) REFERENCES `jobpost` (`id`),
  CONSTRAINT `written_test_answer_ibfk_3` FOREIGN KEY (`question_id`) REFERENCES `written_test_question` (`id`)
) ENGINE=InnoDB AUTO_INCREMENT=205 DEFAULT CHARSET=utf8mb4 COLLATE=utf8mb4_0900_ai_ci;
/*!40101 SET character_set_client = @saved_cs_client */;

--
-- Dumping data for table `written_test_answer`
--

LOCK TABLES `written_test_answer` WRITE;
/*!40000 ALTER TABLE `written_test_answer` DISABLE KEYS */;
INSERT INTO `written_test_answer` VALUES (106,43,17,13,'def remove_duplicates_and_sort(arr):\n    return sorted(set(arr))\n\n# 예시\narr = [3, 1, 2, 3, 2]\nprint(remove_duplicates_and_sort(arr))  # [1, 2, 3]',4,'중복된 원소를 제거하고 오름차순으로 정렬하는 부분은 맞았지만, 함수가 들여쓰기가 잘못되어 정의되어 있어 수정이 필요함.함수가 def로 시작되어야 함.','2025-07-22 01:29:06','2025-07-22 06:25:58'),(107,43,17,14,'def capitalize_first_letters(s):\n    return \" \".join([word.capitalize() for word in s.split()])\n\n# 예시\ns = \"hello world\"\nprint(capitalize_first_letters(s))  # Hello World',4,'지원자는 capitalize() 메소드를 사용하여 각 단어의 첫 글자를 대문자로 변환하는 것을 정확하게 구현했습니다. 하지만, 함수에 대한 설명이나 변수명을 더 구체적으로 지정하거나 코드에 주석을 추가하지 않아 구체성이 부족합니다.함.','2025-07-22 01:29:06','2025-07-22 06:25:58'),(108,43,17,15,'def row_averages(matrix):\n    return [sum(row)/len(row) for row in matrix]\n\n# 예시\nmatrix = [[1,2,3],[4,5,6]]\nprint(row_averages(matrix))  # [2.0, 5.0]',5,'지원자의 답변은 제시된 문제를 정확히 해결하였고, 리스트 컴프리헨션을 사용하여 각 행의 평균을 계산하여 새로운 배열로 반환하는 함수를 작성하였다.','2025-07-22 01:29:06','2025-07-22 06:25:58'),(109,46,17,13,'def remove_duplicates_and_sort(arr):\n    unique = set(arr)\n    sorted_arr = sorted(unique)\n    return sorted_arr\n\n# 테스트\nprint(remove_duplicates_and_sort([5, 2, 2, 1]))  # [1, 2, 5]',5,'주어진 문제를 정확히 이해하고 중복된 원소를 제거하고 오름차순으로 정렬하는 방법을 제대로 구현했습니다.','2025-07-22 01:29:06','2025-07-22 06:25:58'),(110,46,17,14,'def capitalize_first_letters(s):\n    words = s.split()\n    return \" \".join(word[0].upper() + word[1:] if word else \"\" for word in words)\n\nprint(capitalize_first_letters(\"good morning\"))  # Good Morning',4,'지원자는 문자열을 split 해서 각 단어의 첫 글자를 대문자로 변환하고 나머지 글자와 합쳐서 출력하는 방법을 사용했지만, word가 빈 문자열인 경우에 대한 처리가 부족하다. 또한, word[1:] 부분에서 word의 길이가 1인 경우에 index 에러가 발생할 수 있다.','2025-07-22 01:29:06','2025-07-22 06:25:58'),(111,46,17,15,'def row_averages(matrix):\n    averages = []\n    for row in matrix:\n        avg = sum(row) / len(row)\n        averages.append(avg)\n    return averages\n\nprint(row_averages([[1,2],[3,4,5]]))  # [1.5, 4.0]',4.5,'지원자는 주어진 2차원 배열에서 각 행의 평균을 계산하여 새로운 배열로 반환하는 함수를 올바르게 작성하였다. 그러나 함수의 이름이 주어진 문제의 요구사항과 일치하지 않으며, 함수를 호출하여 출력하는 부분이 빠져있다. 따라서, 일부 구체성이 부족하다.','2025-07-22 01:29:06','2025-07-22 06:25:58'),(112,47,17,13,'def remove_duplicates_and_sort(arr):\n    return sorted(list(set(arr)))\n\narr = [4, 4, 1, 2]\nprint(remove_duplicates_and_sort(arr))  # [1, 2, 4]',4.5,'주어진 배열을 중복 제거하고 정렬하는 부분은 맞으나 함수의 선언과 반환값을 가져오는 방법에 대한 설명이 없음. 선언된 함수를 호출하고 배열을 함수에 넣어 출력 결과가 맞는지 확인해야 함.','2025-07-22 01:29:06','2025-07-22 06:25:58'),(113,47,17,14,'def capitalize_first_letters(s):\n    return s.title()\n\nprint(capitalize_first_letters(\"python is fun\"))  # Python Is Fun',4,'지원자가 제시한 함수는 문자열 내의 각 단어의 첫 글자를 대문자로 바꾸는데 성공했으나, title() 함수를 활용하여 모든 첫 글자를 대문자로 변환하고 있기 때문에 주어진 문제의 요구사항과 조금 다르다.原문제에서 각 단어의 첫 글자만 대문자로 변환해야하는데, title() 함수는 모든 단어의 첫 글자를 대문자로 변환한다.','2025-07-22 01:29:06','2025-07-22 06:25:58'),(114,47,17,15,'def row_averages(matrix):\n    return list(map(lambda row: sum(row)/len(row), matrix))\n\nprint(row_averages([[2,4],[6,8,10]]))  # [3.0, 8.0]',4.5,'지원자는 map을 이용하여 주어진 2차원 배열의 각 행의 평균을 계산하는 함수를 작성하였고, 테스트 케이스에 대해 올바른 결과를 반환하였습니다. 하지만 lambda 함수 대신에 직접 함수를 정의하는 것이 가독성면에서 더 좋을 수 있으며, 문제에서 반환하는 배열의 형태를 명확히 표시하는 것이 더 구체적일 것입니다.','2025-07-22 01:29:06','2025-07-22 06:25:58'),(115,50,17,13,'def remove_duplicates_and_sort(arr):\n    arr = list(set(arr))\n    arr.sort()\n    return arr\n\nprint(remove_duplicates_and_sort([7,3,3,2]))  # [2, 3, 7]',4.5,'중복된 원소를 제거하고 정렬하는 로직은 맞지만, 함수의 이름과 설명이 부족하며 주석이 없어서 가독성이 떨어짐. 해당 사항을 보완하면 더 높은 점수를 받을 수 있음.','2025-07-22 01:29:06','2025-07-22 06:25:58'),(116,50,17,14,'def capitalize_first_letters(s):\n    return \" \".join(map(str.capitalize, s.split()))\n\nprint(capitalize_first_letters(\"open ai gpt\"))  # Open Ai Gpt',4,'함수가 주어진 문자열에서 각 단어의 첫 번째 글자를 대문자로 변환하는 기능을 잘 구현하였으나, 함수명이 요구사항에 맞지 않음 (capitalize_first_letters 함수명 요구 -> capitalize_first_letters 함수로 변경 필요)','2025-07-22 01:29:06','2025-07-22 06:26:28'),(117,50,17,15,'def row_averages(matrix):\n    return [round(sum(row)/len(row), 2) for row in matrix]\n\nprint(row_averages([[1,2,3],[4,5,6]]))  # [2.0, 5.0]',4.5,'답변에서는 2차원 배열을 입력으로 받아 각 행의 평균을 구하는 함수를 잘 작성하였고, 예시 입력에 대한 출력도 올바르게 나왔습니다. 하지만, 소수점 둘째자리까지 반올림하는 부분에서 round 함수를 이용하여 해결하였으나, 문제에서는 요구하지 않았으므로 불필요한 코드로 간주하여 점수를 감점하였습니다.','2025-07-22 01:29:06','2025-07-22 06:26:28'),(118,51,17,13,'def remove_duplicates_and_sort(arr):\n    return sorted(set(arr))\n\nprint(remove_duplicates_and_sort([9, 1, 1, 5, 3]))  # [1, 3, 5, 9]',5,'주어진 문제를 정확히 이해하고 주어진 조건에 맞게 중복된 원소를 제거하고 오름차순으로 정렬하여 반환하는 코드를 작성했기 때문입니다. 답안은 set()을 이용해 중복을 제거하고 sorted()를 이용해 정렬한 후 반환하는 올바른 방법을 사용했습니다.','2025-07-22 01:29:06','2025-07-22 06:26:28'),(119,51,17,14,'def capitalize_first_letters(s):\n    return \" \".join([w.capitalize() for w in s.split()])\n\nprint(capitalize_first_letters(\"data science\"))  # Data Science',5,'주어진 문자열에서 각 단어의 첫 번째 글자를 대문자로 변환하는 함수를 정확히 구현하였고, 예시로 \"data science\"를 입력했을 때 \"Data Science\"가 정확히 출력되었습니다.','2025-07-22 01:29:06','2025-07-22 06:26:28'),(120,51,17,15,'def row_averages(matrix):\n    averages = []\n    for row in matrix:\n        averages.append(sum(row)/len(row))\n    return averages\n\nprint(row_averages([[10,20],[30,40,50]]))  # [15.0, 40.0]',4.5,'주어진 문제를 정확히 이해하고 요구사항을 구현한 점수. 하지만, 함수 정의 시 들여쓰기가 잘못되어 있어 구문 오류가 발생할 수 있음. 코드의 가독성을 높이기 위해 추가적인 주석이 필요함.','2025-07-22 01:29:06','2025-07-22 06:26:28'),(121,52,17,13,'def remove_duplicates_and_sort(arr): return sorted(set(arr))',5,'주어진 문제를 정확히 이해하고 요구사항을 완벽하게 구현함. 중복된 원소를 제거하고 오름차순으로 정렬된 배열을 반환하는 부분이 정확히 작성되어 있음.','2025-07-22 01:29:19','2025-07-22 06:26:28'),(122,52,17,14,'def capitalize_first_letters(s): return \" \".join([w.capitalize() for w in s.split()])',4.5,'지원자는 문자열을 공백을 기준으로 나누어 각 단어의 첫 글자를 대문자로 변환하는 방법을 사용했지만, 함수 자체의 이름이나 설명이 없어서 구체성이 부족한 점이 있습니다. 따라서 조금 더 명확한 함수명과 주석을 추가한다면 더 높은 점수를 받을 수 있을 것입니다.','2025-07-22 01:29:19','2025-07-22 06:26:28'),(123,52,17,15,'def row_averages(matrix): return [sum(row)/len(row) for row in matrix]',4,'주어진 문제에 대한 해결책이 제시되어 있고, 각 행의 평균을 계산하는 방법은 맞지만, 새로운 배열로 반환하는 부분이 빠져있어서 점수를 줄이게 되었습니다. 해결책을 구체화하여 반환하는 과정까지 포함되어야 합니다.','2025-07-22 01:29:19','2025-07-22 06:26:28'),(124,54,17,13,'def remove_duplicates_and_sort(arr): return sorted(set(arr))',5,'주어진 문제를 정확히 이해하고 주어진 조건에 맞게 중복된 원소를 제거하고 정렬한 결과를 반환하는 함수를 작성했기 때문에 만점을 주었습니다.','2025-07-22 01:29:19','2025-07-22 06:26:28'),(125,54,17,14,'',0,'답변이 없어 피드백을 생성할 수 없습니다.','2025-07-22 01:29:19','2025-07-22 06:26:28'),(126,54,17,15,'def row_averages(matrix): return [sum(row)/len(row) for row in matrix]',4.5,'정확한 알고리즘을 사용하였으나 함수의 이름과 설명이 부족하여 점수를 조금 낮게 줬습니다.','2025-07-22 01:29:19','2025-07-22 06:26:52'),(127,56,17,13,'',0,'답변이 없어 피드백을 생성할 수 없습니다.','2025-07-22 01:29:19','2025-07-22 06:26:52'),(128,56,17,14,'def capitalize_first_letters(s): return s.upper()',2,'지원자는 문자열을 모두 대문자로 변환하는 방법을 사용했지만, 각 단어의 첫 글자만 대문자로 변환해야 하는 것을 요구했기 때문에 부분적으로 맞았으나 전체적인 요구사항을 만족시키지 못했습니다.','2025-07-22 01:29:19','2025-07-22 06:26:52'),(129,56,17,15,'def row_averages(matrix): return 0',1,'답변이 주어진 문제를 해결하기에는 너무나도 부족하며, 아무런 정보도 제공하지 않음.','2025-07-22 01:29:19','2025-07-22 06:26:52'),(130,57,17,13,'def remove_duplicates_and_sort(arr): return sorted(set(arr))',4.5,'정답에 가깝지만 함수의 반환값을 변수에 할당하여 반환하는 것이 더 좋은 방식임.','2025-07-22 01:29:19','2025-07-22 06:26:52'),(131,57,17,14,'def capitalize_first_letters(s): return \" \".join([w.capitalize() for w in s.split()])',4,'주어진 문자열을 공백을 기준으로 분리하여 각 단어의 첫 글자를 대문자로 변환하는 방법은 맞지만, 함수의 이름과 불필요한 리스트 컴프리헨션을 사용하여 코드가 복잡해 보임. 또한, 코드에 주석이 없어 좀 더 명확하게 설명되어 있으면 높은 점수를 줄 수 있을 것 같음.','2025-07-22 01:29:19','2025-07-22 06:26:52'),(132,57,17,15,'',0,'답변이 없어 피드백을 생성할 수 없습니다.','2025-07-22 01:29:19','2025-07-22 06:26:52'),(133,58,17,13,'def remove_duplicates_and_sort(arr): return sorted(set(arr))',5,'정확한 결과를 반환하였고, 코드도 간결하게 작성하였습니다. 구체성이 부족한 부분은 없습니다.','2025-07-22 01:29:19','2025-07-22 06:26:52'),(134,58,17,14,'def capitalize_first_letters(s): return \" \".join([w.capitalize() for w in s.split()])',4,'주어진 문자열에서 각 단어의 첫 번째 글자를 대문자로 변환하는 함수를 구현한 점은 맞지만, 함수의 이름과 인자명이 일반적인 형식과 다르며, 함수 내부의 리스트 컴프리헨션을 사용하였지만, 함수 이름이나 주석이 없어 가독성이 떨어집니다. 또한, 코드의 구체성이 부족하여 설명이 필요합니다.','2025-07-22 01:29:19','2025-07-22 06:26:52'),(135,58,17,15,'def row_averages(matrix): return [sum(row)/len(row) for row in matrix]',4.5,'주어진 문제를 정확히 이해하고 문제에 맞는 해결 방법을 제시하였으나, 반환하는 새로운 배열에 대한 실제 예시나 설명이 부족함.','2025-07-22 01:29:19','2025-07-22 06:26:52'),(136,59,17,13,'def remove_duplicates_and_sort(arr):\\n    return sorted(set(arr))',4.5,'지원자는 중복된 원소를 제거하고 오름차순으로 정렬된 배열을 반환하는 방법을 제대로 이해하고 있어서 sorted(set(arr))로 구현하였습니다. 하지만 함수의 정의가 없고, 주어진 배열을 함수의 입력으로 받는 부분이 빠져있어서 구체성이 부족한 답변입니다.','2025-07-22 01:29:19','2025-07-22 06:27:19'),(137,59,17,14,'def capitalize_first_letters(s):\n    return \' \'.join(word.capitalize() for word in s.split())',4,'주어진 문자열의 각 단어의 첫 번째 글자를 대문자로 변환하는 기능은 제대로 구현되어 있지만, 함수의 이름이 capitalize_first_letters로 주어졌는데 각 단어의 모든 첫자리를 대문자로 변환하는 것이므로 이름이 조금 부적절합니다.','2025-07-22 01:29:19','2025-07-22 06:27:19'),(138,59,17,15,'def row_averages(matrix):\\n    return [sum(row)/len(row) for row in matrix]',4.5,'주어진 문제를 해결하기 위해 리스트 컴프리헨션을 사용한 것은 좋았지만, 반환값이 평균값이 아닌 합계값이므로 평균값으로 수정이 필요합니다.','2025-07-22 01:29:19','2025-07-22 06:27:19'),(139,60,17,13,'def remove_duplicates_and_sort(arr): return sorted(set(arr))',4.5,'지원자는 중복된 원소를 제거하고 오름차순으로 정렬된 배열을 반환하는 방법을 올바르게 작성하였으나, 함수의 끝에 return이 없어서 문법 오류가 있습니다. 함수 정의가 잘못되었습니다.','2025-07-22 01:29:19','2025-07-22 06:27:19'),(140,60,17,14,'def capitalize_first_letters(s): return \" \".join([w.capitalize() for w in s.split()])',4.5,'지원자는 문자열을 공백을 기준으로 split하여 각 단어를 분리하고, capitalize() 메서드를 이용해 각 단어의 첫 글자를 대문자로 변환하였습니다. 하지만 함수 정의가 한 줄로 간단하게 되어 있어 이해하기 쉽고 간결하나, 함수 이름이 요구사항을 잘 반영하고 있는지에 대한 구체적인 언급이 부족합니다.','2025-07-22 01:29:19','2025-07-22 06:27:19'),(141,60,17,15,'def row_averages(matrix): return [sum(row)/len(row) for row in matrix]',4,'주어진 문제를 해결하는 코드가 작성되었지만, 반환되는 값이 실수형으로 지정되지 않아 정확한 평균 값을 얻을 수 없음.','2025-07-22 01:29:19','2025-07-22 06:27:19'),(142,61,17,13,'def remove_duplicates_and_sort(arr):\\n    return sorted(set(arr))',5,'주어진 문제를 정확히 이해하고 문제의 요구사항에 맞게 중복된 원소를 제거하고 정렬된 배열을 반환하는 코드를 작성하였음.','2025-07-22 01:29:19','2025-07-22 06:27:19'),(143,61,17,14,'def capitalize_first_letters(s):\n    return \' \'.join(word.capitalize() for word in s.split())',5,'주어진 문자열을 split() 함수를 이용해 단어로 나눈 후 각 단어의 첫 글자를 대문자로 변환하는 코드가 정확하게 구현되어 있습니다. 반환된 결과가 문제에서 요구하는 기능을 정확히 수행하고 있습니다.','2025-07-22 01:29:19','2025-07-22 06:27:19'),(144,61,17,15,'def row_averages(matrix):\\n    return [sum(row)/len(row) for row in matrix]',4.5,'답변이 거의 정확하나, 주어진 배열이 2차원 배열인지 확인하는 코드가 빠져 있습니다.','2025-07-22 01:29:19','2025-07-22 06:27:19'),(145,62,17,13,'def remove_duplicates_and_sort(arr): return sorted(set(arr))',5,'주어진 문제를 정확히 이해하고 중복된 원소를 제거하고 오름차순으로 정렬된 배열을 반환하는 함수를 작성한 것이므로 최고점을 주겠습니다.','2025-07-22 01:29:19','2025-07-22 06:27:19'),(146,62,17,14,'def capitalize_first_letters(s): return \" \".join([w.capitalize() for w in s.split()])',4.5,'지원자는 capitalize() 함수를 사용하여 각 단어의 첫 글자를 대문자로 변환하는 방법을 이해하고 있으나, split() 함수를 사용해 단어들을 분리하였으나 join() 함수를 사용하여 다시 합치는 부분이 빠져있어서 부분적으로 맞지 않음.','2025-07-22 01:29:19','2025-07-22 06:27:43'),(147,62,17,15,'def row_averages(matrix): return [sum(row)/len(row) for row in matrix]',4.5,'지원자의 답변은 리스트 컴프리헨션을 이용하여 각 행의 평균을 계산하는 방법을 제시하였으나, 반환값을 리스트 형태로 제대로 반환하였다. 하지만 함수의 정의가 없으며, 코드의 가독성이나 주석이 부족하여 구체성이 부족하다.','2025-07-22 01:29:19','2025-07-22 06:27:43'),(148,63,17,13,'def remove_duplicates_and_sort(arr): return []',2.5,'함수의 기본적인 틀은 맞지만, 함수 내부의 구현이 없어서 정확한 기능을 수행하지 못함. 구체성이 부족함.','2025-07-22 01:29:19','2025-07-22 06:27:43'),(149,63,17,14,'',0,'답변이 없어 피드백을 생성할 수 없습니다.','2025-07-22 01:29:19','2025-07-22 06:27:43'),(150,63,17,15,'def row_averages(matrix): return matrix',2.5,'함수가 주어진 2차원 배열을 그대로 반환하고 있어서 일부 맞는 부분이 있지만, 평균을 계산하여 새로운 배열로 반환하는 부분이 구현되어 있지 않아서 점수가 낮게 평가되었습니다.','2025-07-22 01:29:19','2025-07-22 06:27:43'),(151,64,17,13,'def remove_duplicates_and_sort(arr): return sorted(set(arr))',4.5,'답변은 중복된 원소를 제거하고 오름차순으로 정렬하는 기능을 정확히 수행하고 있지만, 함수의 형태가 한 줄로 간단하게 작성되어 있어서 가독성이 떨어짐. 함수명, 변수명 등의 구체성이 부족함.','2025-07-22 01:29:19','2025-07-22 06:27:43'),(152,64,17,14,'def capitalize_first_letters(s): return \" \".join([w.capitalize() for w in s.split()])',4.5,'답변은 주어진 문자열을 공백을 기준으로 나누어 각 단어의 첫 글자를 대문자로 변환하는데 성공했다. 하지만, 함수 이름이 capitalize_first_letters가 아니라 capitalize_first_letter로 되어 있어 함수 이름과 문제의 요구사항이 조금 다르다.','2025-07-22 01:29:19','2025-07-22 06:27:43'),(153,64,17,15,'def row_averages(matrix): return [sum(row)/len(row) for row in matrix]',4,'주어진 문제에 대한 접근 방법은 맞지만, 함수의 이름과 반환형이 명시되어 있지 않아 구체성이 부족하다. 함ᄋ수 이름과 반환형을 명시하면 더 좋은 답변이 될 것이다.','2025-07-22 01:29:19','2025-07-22 06:27:43'),(154,65,17,13,'def remove_duplicates_and_sort(arr): return arr',2.5,'답변이 주어진 문제의 요구사항을 만족하지 못하고 있습니다. 주어진 배열에서 중복된 원소를 제거하고 오름차순으로 정렬된 배열을 반환해야 하는데, 현재 코드는 주어진 배열을 그대로 반환하고 있습니다. 또한, 함수의 구현이 완벽하지 않고 반환값의 오류가 있습니다.','2025-07-22 01:29:19','2025-07-22 06:27:43'),(155,65,17,14,'def capitalize_first_letters(s): return s',2.5,'함수 내에서 문자열을 대문자로 변환하는 코드가 없으며, 반환값이 입력값과 동일하므로 완전히 틀린 답변입니다.','2025-07-22 01:29:19','2025-07-22 06:27:43'),(156,65,17,15,'def row_averages(matrix): return [sum(row)/len(row) for row in matrix]',4,'답변이 주어진 문제를 일부 해결하고 있지만, 새로운 배열에 결과를 저장하는 부분이 빠져있어서 완전한 해결책이 아님.','2025-07-22 01:29:19','2025-07-22 06:28:03'),(157,66,17,13,'def remove_duplicates_and_sort(arr): return sorted(set(arr))',5,'정확한 답안이 제시되었고, 간결하게 해결 방법을 제시함.','2025-07-22 01:29:19','2025-07-22 06:28:03'),(158,66,17,14,'def capitalize_first_letters(s): return \" \".join([w.capitalize() for w in s.split()])',4.5,'지원자는 문자열을 split하여 각 단어의 첫 글자를 대문자로 변환하는 방법을 사용했지만, 함수의 이름이나 주석이 없어서 코드의 의도를 파악하기 어려웠습니다. 또한, 함수의 이름이나 설명이 추가되면 더 좋은 점수를 받을 수 있을 것입니다.','2025-07-22 01:29:19','2025-07-22 06:28:03'),(159,66,17,15,'def row_averages(matrix): return [sum(row)/len(row) for row in matrix]',4,'주어진 문제의 요구사항인 각 행의 평균을 계산하여 새로운 배열로 반환하는 로직이 답변에 포함되어 있어 일부 맞는 내용이다. 그러나 함수의 이름과 매개변수명이 주어진 문제에 적합한지 확인이 필요하며, 설명이 부족하고 구체성이 부족한 답변이므로 일부 점수가 감점되었다.','2025-07-22 01:29:19','2025-07-22 06:28:03'),(160,67,17,13,'',0,'답변이 없어 피드백을 생성할 수 없습니다.','2025-07-22 01:29:19','2025-07-22 06:28:03'),(161,67,17,14,'',0,'답변이 없어 피드백을 생성할 수 없습니다.','2025-07-22 01:29:19','2025-07-22 06:28:03'),(162,67,17,15,'',0,'답변이 없어 피드백을 생성할 수 없습니다.','2025-07-22 01:29:19','2025-07-22 06:28:03'),(163,68,17,13,'def remove_duplicates_and_sort(arr): return sorted(set(arr))',4.5,'답변이 정확히 중복된 원소를 제거하고 오름차순으로 정렬하고 있지만, 함수 정의가 한 줄로 간단히 되어 있어 가독성이 부족함. 좀 더 구체적인 코드나 주석이 있었다면 5점을 받을 수 있었을 것입니다.','2025-07-22 01:29:19','2025-07-22 06:28:03'),(164,68,17,14,'def capitalize_first_letters(s): return \" \".join([w.capitalize() for w in s.split()])',4,'주어진 문자열을 split() 함수를 이용하여 각 단어로 나눈 후, capitalize() 함수를 이용하여 각 단어의 첫 글자를 대문자로 변환하는 방법이 맞게 구현되어 있습니다. 하지만 함수의 이름이 문제에 주어진 요구사항과 맞지 않으며, 함수의 구현부가 한 줄에 쓰여져 있어 코드의 가독성이 부족합니다.','2025-07-22 01:29:19','2025-07-22 06:28:03'),(165,68,17,15,'def row_averages(matrix): return [sum(row)/len(row) for row in matrix]',4.5,'지원자의 답변은 주어진 문제를 일부 맞게 이해하고 있으며, 리스트 컴프리헨션을 사용하여 각 행의 평균을 구하는 방법을 제시하고 있습니다. 그러나 함수 정의가 부족하고, 함수의 반환값이 없어서 조금더 구체적으로 설명이 필요합니다.','2025-07-22 01:29:19','2025-07-22 06:28:03'),(166,69,17,13,'def remove_duplicates_and_sort(arr): return arr',2,'함수 정의는 있지만 중복된 원소를 제거하고 정렬하는 기능이 구현되어 있지 않아서 점수가 낮게 부여되었습니다.','2025-07-22 01:29:19','2025-07-22 06:28:28'),(167,69,17,14,'def capitalize_first_letters(s): return \" \".join([w.capitalize() for w in s.split()])',4.5,'주어진 문제를 충분히 이해하고 원하는 결과를 출력했지만, 함수명이나 설명이 없어서 구체성이 부족함. 함수명이나 간단한 주석을 추가하면 더 완벽한 답변이 될 것입니다.','2025-07-22 01:29:19','2025-07-22 06:28:28'),(168,69,17,15,'def row_averages(matrix): return [sum(row)/len(row) for row in matrix]',4.5,'코드가 주어진 문제를 해결하고 있으나, 반환된 배열의 각 행의 평균을 소수점으로 반환하지 않고 정수 형태로 반환하고 있습니다.','2025-07-22 01:29:19','2025-07-22 06:28:28'),(169,70,17,13,'def remove_duplicates_and_sort(arr): return sorted(set(arr))',4.5,'지원자는 중복된 원소를 제거하고 정렬하는 방법을 알고 있으나, 함수 정의가 조금 더 명확하게 되었으면 더 높은 점수를 받을 수 있었습니다.','2025-07-22 01:29:19','2025-07-22 06:28:28'),(170,70,17,14,'def capitalize_first_letters(s): return \" \".join([w.capitalize() for w in s.split()])',5,'주어진 문자열을 split() 메소드를 사용하여 단어로 분리한 후, 각 단어의 첫 글자를 capitalize() 메소드를 사용하여 대문자로 변환하는 방법을 정확히 구현하였기 때문입니다. 코드의 가독성도 좋고 효율적으로 작성하였습니다.','2025-07-22 01:29:19','2025-07-22 06:28:28'),(171,70,17,15,'def row_averages(matrix): return [sum(row)/len(row) for row in matrix]',4.5,'주어진 2차원 배열의 각 행의 평균을 계산하여 새로운 배열로 반환하는 아이디어는 맞지만, 코드가 한 줄로 구현되어 있어 가독성이 떨어집니다. 따라서 가독성을 향상시킬 필요가 있습니다.','2025-07-22 01:29:19','2025-07-22 06:28:28'),(172,71,17,13,'def remove_duplicates_and_sort(arr): return None',2.5,'답변은 함수를 정의하였지만, 함수의 구현이 없어서 오답입니다. 또한, 문제에서 요구한 중복된 원소를 제거하고 오름차순으로 정렬하는 기능이 구현되지 않았습니다. 구체성이 부족하여 부분점수를 주었습니다.','2025-07-22 01:29:19','2025-07-22 06:28:28'),(173,71,17,14,'def capitalize_first_letters(s): return None',2.5,'함수가 정의되었지만 기능이 구현되지 않아서 2.5점을 줍니다. 추가적으로 각 단어의 첫 번째 글자를 대문자로 변환하는 코드가 없기 때문에 낮은 점수를 부여했습니다.','2025-07-22 01:29:19','2025-07-22 06:28:28'),(174,71,17,15,'def row_averages(matrix): return None',2.5,'함수 내부가 비어있어서 아무런 기능을 수행하지 않음. 문제를 해결하기 위한 코드가 전혀 없으므로 2.5점을 주었습니다.','2025-07-22 01:29:19','2025-07-22 06:28:28'),(175,72,17,13,'def remove_duplicates_and_sort(arr): return sorted(set(arr))',4.5,'지원자는 중복된 원소 제거와 정렬을 모두 처리하였지만, 함수 내부에 한 줄로 작성되어 있어 가독성이 떨어지고 구체성이 부족하다. 더 자세한 코드 설명이 필요하다.','2025-07-22 01:29:19','2025-07-22 06:28:28'),(176,72,17,14,'def capitalize_first_letters(s): return \" \".join([w.capitalize() for w in s.split()])',4,'주어진 문자열을 공백 기준으로 단어로 나누고, 각 단어의 첫 글자를 대문자로 변환하는 기능을 구현하였습니다. 하지만 함수 이름 및 설명이 부족하며, 변수명이 과도하게 짧아 코드의 가독성이 떨어집니다. 또한, 예외 처리가 없어 문자열이 비어 있을 때의 경우를 고려해야 합니다.','2025-07-22 01:29:19','2025-07-22 06:28:53'),(177,72,17,15,'def row_averages(matrix): return [sum(row)/len(row) for row in matrix]',4.5,'함수 정의가 잘 되어 있고, 각 행의 평균을 계산하여 새로운 배열을 반환하는 부분까지는 맞게 작성했지만, 코드의 가독성이 떨어지고 주석이 없어서 이해가 어려움.','2025-07-22 01:29:19','2025-07-22 06:28:53'),(178,73,17,13,'def remove_duplicates_and_sort(arr): return arr',2,'함수 내용이 없이 그대로 주어진 배열을 반환하고 있기 때문에 기본적인 요구사항을 충족시키지 못하고 있습니다.','2025-07-22 01:29:19','2025-07-22 06:28:53'),(179,73,17,14,'def capitalize_first_letters(s): return s',2.5,'함수가 주어진 문자열을 그대로 반환하고 있어 기능 구현이 되지 않았으며, 함수의 내용이 매우 간단하고 적절한 설명이 부족하여 효율성과 이해도가 부족하다.','2025-07-22 01:29:19','2025-07-22 06:28:53'),(180,73,17,15,'def row_averages(matrix): return [sum(row)/len(row) for row in matrix]',4.5,'코드가 주어진 문제를 일정 부분 해결하고 있지만, 새로운 배열에 평균값을 넣는 과정이 빠져있음. 새로운 배열에 평균값을 넣는 코드가 추가되면 더욱 완벽할 것임.','2025-07-22 01:29:19','2025-07-22 06:28:53'),(181,74,17,13,'def remove_duplicates_and_sort(arr): return sorted(set(arr))',4.5,'주어진 문제를 해결하는 방식은 맞았지만, 함수의 반환 방식이 한 줄로 표현되어 구체성이 부족함. 함수 내부의 동작 과정이 명확하게 설명되지 않았음.','2025-07-22 01:29:19','2025-07-22 06:28:53'),(182,74,17,14,'def capitalize_first_letters(s): return \" \".join([w.capitalize() for w in s.split()])',4.5,'주어진 문자열에서 각 단어의 첫 번째 글자를 대문자로 변환하는 기능은 제대로 구현하였으나, 함수의 이름이 capitalize_first_letters로 주어진 것과 다르게 capitalize_first_letter로 되어 있어 일부 차이가 있습니다.','2025-07-22 01:29:19','2025-07-22 06:28:53'),(183,74,17,15,'def row_averages(matrix): return [sum(row)/len(row) for row in matrix]',4.5,'주어진 문제에 대한 답변이 맞지만, 구체적인 예시나 설명이 부족하여 5점 만점 중 조금 더 설명이 필요함.','2025-07-22 01:29:19','2025-07-22 06:28:53'),(184,75,17,13,'',0,'답변이 없어 피드백을 생성할 수 없습니다.','2025-07-22 01:29:19','2025-07-22 06:28:53'),(185,75,17,14,'',0,'답변이 없어 피드백을 생성할 수 없습니다.','2025-07-22 01:29:19','2025-07-22 06:28:53'),(186,75,17,15,'',0,'답변이 없어 피드백을 생성할 수 없습니다.','2025-07-22 01:29:19','2025-07-22 06:29:19'),(187,76,17,13,'def remove_duplicates_and_sort(arr): return sorted(set(arr))',4.5,'지원자는 set을 활용하여 중복된 원소를 제거하고, sorted 함수를 사용하여 오름차순으로 배열을 정렬한 점이 잘 되어 있습니다. 그러나 함수의 정의는 한 줄짜리로 간단하게 처리되어 있어 가독성이 부족하므로 0.5점 감점합니다.','2025-07-22 01:29:19','2025-07-22 06:29:19'),(188,76,17,14,'def capitalize_first_letters(s): return \" \".join([w.capitalize() for w in s.split()])',5,'주어진 문자열에서 각 단어의 첫 번째 글자를 대문자로 변환하는 함수를 구현한 것이 맞고, 리스트 컴프리헨션을 사용하여 각 단어의 첫 글자를 대문자로 변환하는 코드를 작성했기 때문에 5점을 줍니다.','2025-07-22 01:29:19','2025-07-22 06:29:19'),(189,76,17,15,'def row_averages(matrix): return [sum(row)/len(row) for row in matrix]',4.5,'주어진 문제를 해결하기 위해 리스트 내포를 사용하여 각 행의 평균을 반환하는 방법을 제시했으나, 코드의 가독성을 높이기 위해 각 과정을 주석이나 변수를 추가할 필요가 있습니다. 구체성이 부족한 점이 아쉽기 때문에 5점이 아닌 4.5점을 주었습니다.','2025-07-22 01:29:19','2025-07-22 06:29:19'),(190,77,17,13,'def remove_duplicates_and_sort(arr): return arr',2.5,'함수의 구현이 없어 제대로 작동하지 않음. 정렬과 중복 제거 로직이 누락되었으며, 입력 파라미터에 대한 이해가 떨어짐.','2025-07-22 01:29:19','2025-07-22 06:29:19'),(191,77,17,14,'def capitalize_first_letters(s): return s',2.5,'함수의 이름이 요구사항과 일치하지 않고, 코드 내용이 없어서 실행될 수 있는지 확인할 수 없음. 기본적인 구조는 갖추고 있지만 구체적인 구현이 없어서 부분점수를 줄 수 있음.','2025-07-22 01:29:19','2025-07-22 06:29:19'),(192,77,17,15,'def row_averages(matrix): return [sum(row)/len(row) for row in matrix]',4.5,'함수의 기능을 제대로 이해하고 구현하려고 한 점수입니다. 그러나 반환되는 배열의 각 행의 평균을 계산할 때 나누는 값이 잘못되었습니다. 올바른 평균을 계산하려면 각 행의 길이로 나누어줘야 합니다.','2025-07-22 01:29:19','2025-07-22 06:29:19'),(193,78,17,13,'def remove_duplicates_and_sort(arr): return sorted(set(arr))',4.5,'지원자는 중복된 원소를 제거하고 오름차순으로 배열을 정렬하는 방법을 알고 있으며, set과 sorted 함수를 활용하여 코드를 간단히 작성했음. 다만, 함수의 이름이 명확히 정의되어 있지 않고, 코드의 가독성이 약간 떨어진다.','2025-07-22 01:29:19','2025-07-22 06:29:19'),(194,78,17,14,'def capitalize_first_letters(s): return \" \".join([w.capitalize() for w in s.split()])',4.5,'주어진 문자열을 단어로 나누어 각 단어의 첫 글자를 대문자로 바꾸는 로직은 정확하게 구현되어 있습니다. 하지만 함수 이름이나 주석을 추가함으로써 코드의 가독성을 높일 수 있습니다.','2025-07-22 01:29:19','2025-07-22 06:29:19'),(195,78,17,15,'def row_averages(matrix): return [sum(row)/len(row) for row in matrix]',4,'답변이 주어진 문제에 대해 핵심적인 부분을 이해하고 있으며, 리스트 컴프리헨션을 이용하여 각 행의 평균을 구하는 방법을 제시하고 있습니다. 그러나 함수 정의가 없고, 코드를 이해하기 어려울 수 있으므로 구체성이 부족한 점에서 약간의 감점이 있습니다.','2025-07-22 01:29:19','2025-07-22 06:29:19'),(196,79,17,13,'',0,'답변이 없어 피드백을 생성할 수 없습니다.','2025-07-22 01:29:19','2025-07-22 06:29:48'),(197,79,17,14,'',0,'답변이 없어 피드백을 생성할 수 없습니다.','2025-07-22 01:29:19','2025-07-22 06:29:48'),(198,79,17,15,'',0,'답변이 없어 피드백을 생성할 수 없습니다.','2025-07-22 01:29:19','2025-07-22 06:29:48'),(199,80,17,13,'def remove_duplicates_and_sort(arr): return sorted(set(arr))',4.5,'주어진 문제를 해결하는데 있어 지원자의 답변은 정확하게 중복된 원소를 제거하고 오름차순으로 정렬된 배열을 반환하는 방법을 사용하였습니다. 하지만 함수 내에서 한 줄로 작성된 코드이기 때문에 가독성이 떨어지고, 함수 내부 동작에 대한 설명이 없어서 구체성이 부족하다고 할 수 있습니다.','2025-07-22 01:29:19','2025-07-22 06:29:48'),(200,80,17,14,'def capitalize_first_letters(s): return \" \".join([w.capitalize() for w in s.split()])',4.5,'지원자는 문자열을 단어 단위로 분리한 후 각 단어의 첫 글자를 대문자로 변환하는 방법을 사용하였다. 다만, 함수의 이름이 주어진 문제의 요구사항에 맞지 않고, 함수의 구체성이 부족하여 5점을 주지 않았습니다.','2025-07-22 01:29:19','2025-07-22 06:29:48'),(201,80,17,15,'def row_averages(matrix): return [sum(row)/len(row) for row in matrix]',4.5,'주어진 문제를 해결하는 로직은 맞지만, 평균을 계산할 때 각 행의 길이로 나누는 부분이 잘못되었습니다. 정확한 평균을 계산하기 위해서는 각 행의 열의 개수로 나누어야 합니다. 따라서 조금 수정이 필요합니다.','2025-07-22 01:29:19','2025-07-22 06:29:48'),(202,81,17,13,'def remove_duplicates_and_sort(arr): return arr',2.5,'지원자는 중복된 원소를 제거하고 배열을 정렬해야 한다는 문제의 요구사항을 반영하지 않고, 제출한 코드가 맞지 않음. 하지만 함수의 형태는 맞기 때문에 조금 높은 점수를 주었습니다.','2025-07-22 01:29:19','2025-07-22 06:29:48'),(203,81,17,14,'def capitalize_first_letters(s): return s',1.5,'주어진 문제를 해결하는 함수를 구현하는 것이 요구되었으나, 답변에서는 주어진 문자열을 그대로 반환하는 함수만 구현하고 있습니다. 즉, 주어진 문제를 해결하는 방법을 제대로 이해하지 못한 것이기 때문에 낮은 점수를 받았습니다.','2025-07-22 01:29:19','2025-07-22 06:29:48'),(204,81,17,15,'def row_averages(matrix): return [sum(row)/len(row) for row in matrix]',4.5,'주어진 문제를 해결하는 방법으로서는 올바른 코드이지만, 반환되는 값이 정확한 평균이 아니라 각 행의 총합을 행의 길이로 나눈 값이기 때문에 정확한 평균을 구하는 것이 아닙니다.','2025-07-22 01:29:19','2025-07-22 06:29:48');
/*!40000 ALTER TABLE `written_test_answer` ENABLE KEYS */;
UNLOCK TABLES;

